-- phpMyAdmin SQL Dump
-- version 4.2.7.1
-- http://www.phpmyadmin.net
--
-- Host: angry-la-12.angryhosting.com
-- Generation Time: Sep 27, 2016 at 04:18 PM
-- Server version: 5.6.31-77.0-log
-- PHP Version: 5.6.24

SET SQL_MODE = "NO_AUTO_VALUE_ON_ZERO";
SET time_zone = "+00:00";


/*!40101 SET @OLD_CHARACTER_SET_CLIENT=@@CHARACTER_SET_CLIENT */;
/*!40101 SET @OLD_CHARACTER_SET_RESULTS=@@CHARACTER_SET_RESULTS */;
/*!40101 SET @OLD_COLLATION_CONNECTION=@@COLLATION_CONNECTION */;
/*!40101 SET NAMES utf8 */;

--
-- Database: `armada`
--

DELIMITER $$
--
-- Procedures
--
CREATE DEFINER=`armada`@`66.180.204.%` PROCEDURE `UpdateBuildCosts`()
    NO SQL
update builds b
join (select b.id, s.cost + SUM(IFNULL(u.cost, 0)) cost
from builds b
join ships s on b.ship_id = s.id
left join build_upgrades bu on bu.build_id = b.id
left join upgrades u on bu.upgrade_id = u.id
group by b.Id, s.cost) c
on c.Id = b.Id
set b.cost = c.cost
where b.cost is null$$

--
-- Functions
--
CREATE DEFINER=`armada`@`66.180.204.%` FUNCTION `COUNT_IN_LIST`(`build` VARCHAR(5), `list` VARCHAR(50)) RETURNS int(11)
Begin
	DECLARE x int;
    DECLARE templist varchar(50);
    
    SET x = 0;
    SET templist = list;
	WHILE (find_in_set(build, templist) != 0)
    DO
    	IF (find_in_set(build, templist) = 1) THEN Set x = x + 1; END IF;
        
        Set templist = SUBSTRING(templist, locate(',', templist)+1);
        
	END WHILE;
    Return x;
END$$

DELIMITER ;

-- --------------------------------------------------------

--
-- Table structure for table `build_upgrades`
--

CREATE TABLE IF NOT EXISTS `build_upgrades` (
`id` int(11) NOT NULL,
  `build_id` int(11) NOT NULL,
  `upgrade_id` int(11) NOT NULL
) ENGINE=InnoDB  DEFAULT CHARSET=latin1 AUTO_INCREMENT=722 ;

--
-- Dumping data for table `build_upgrades`
--

INSERT INTO `build_upgrades` (`id`, `build_id`, `upgrade_id`) VALUES
(1, 1001, 44),
(2, 1002, 10),
(3, 1002, 47),
(4, 1003, 10),
(5, 1004, 16),
(6, 1004, 18),
(7, 1004, 22),
(8, 1005, 16),
(9, 1005, 37),
(10, 1005, 42),
(11, 1006, 30),
(12, 1006, 35),
(13, 1006, 36),
(14, 1007, 1),
(15, 1007, 17),
(16, 1007, 22),
(17, 1007, 38),
(18, 1007, 42),
(19, 1008, 13),
(20, 1008, 23),
(21, 1008, 29),
(22, 1009, 22),
(23, 1010, 10),
(24, 1010, 22),
(25, 1010, 33),
(26, 1010, 47),
(27, 1011, 10),
(28, 1011, 22),
(29, 1011, 36),
(30, 1011, 44),
(31, 1012, 10),
(32, 1012, 22),
(33, 1012, 36),
(34, 1013, 9),
(35, 1013, 10),
(36, 1013, 33),
(37, 1013, 47),
(38, 1014, 5),
(39, 1014, 27),
(40, 1014, 44),
(41, 1015, 17),
(42, 1015, 18),
(43, 1015, 19),
(44, 1015, 22),
(45, 1015, 25),
(46, 1016, 9),
(47, 1016, 14),
(48, 1016, 17),
(49, 1016, 18),
(50, 1017, 28),
(55, 1019, 25),
(56, 1019, 43),
(57, 1020, 27),
(58, 1020, 44),
(59, 1021, 10),
(60, 1021, 33),
(61, 1021, 47),
(62, 1019, 44),
(63, 1022, 30),
(64, 1022, 34),
(65, 1023, 1),
(66, 1023, 3),
(67, 1023, 5),
(68, 1023, 27),
(69, 1023, 40),
(70, 1023, 41),
(71, 1024, 4),
(72, 1024, 17),
(73, 1024, 25),
(74, 1024, 27),
(75, 1024, 44),
(76, 1025, 5),
(77, 1025, 24),
(78, 1026, 5),
(79, 1026, 16),
(80, 1026, 27),
(81, 1026, 44),
(82, 1027, 10),
(83, 1027, 47),
(84, 1028, 35),
(85, 1029, 28),
(86, 1029, 30),
(87, 1030, 10),
(88, 1030, 33),
(89, 1030, 47),
(90, 1031, 3),
(91, 1032, 3),
(92, 1032, 28),
(93, 1033, 33),
(94, 1033, 47),
(95, 1034, 33),
(96, 1034, 48),
(97, 1035, 16),
(98, 1035, 18),
(99, 1035, 22),
(100, 1035, 37),
(101, 1035, 38),
(102, 1036, 16),
(103, 1036, 18),
(104, 1036, 22),
(105, 1036, 38),
(106, 1037, 35),
(107, 1037, 36),
(108, 1038, 16),
(109, 1038, 28),
(110, 1039, 1),
(111, 1039, 16),
(112, 1040, 22),
(113, 1041, 1),
(114, 1041, 5),
(115, 1041, 27),
(116, 1041, 38),
(117, 1042, 5),
(118, 1042, 27),
(119, 1042, 30),
(120, 1042, 38),
(121, 1043, 5),
(122, 1043, 27),
(123, 1043, 44),
(124, 1044, 5),
(125, 1044, 19),
(126, 1044, 45),
(127, 1045, 14),
(128, 1045, 17),
(129, 1046, 2),
(130, 1046, 6),
(131, 1047, 47),
(132, 1048, 9),
(133, 1048, 10),
(134, 1048, 14),
(135, 1048, 16),
(136, 1048, 44),
(137, 1049, 16),
(138, 1049, 18),
(139, 1049, 37),
(140, 1050, 16),
(141, 1050, 18),
(142, 1051, 27),
(143, 1051, 38),
(144, 1051, 40),
(145, 1052, 1),
(146, 1052, 40),
(147, 1053, 7),
(148, 1053, 31),
(149, 1054, 22),
(150, 1054, 35),
(151, 1055, 1),
(152, 1055, 23),
(153, 1056, 1),
(154, 1056, 5),
(155, 1056, 27),
(156, 1056, 38),
(157, 1056, 40),
(158, 1056, 42),
(159, 1057, 1),
(160, 1057, 38),
(161, 1058, 38),
(162, 1059, 10),
(163, 1059, 33),
(164, 1059, 48),
(165, 1060, 2),
(166, 1060, 8),
(167, 1060, 10),
(168, 1060, 33),
(169, 1061, 22),
(170, 1061, 33),
(171, 1061, 43),
(172, 1061, 46),
(173, 1061, 47),
(174, 1062, 22),
(175, 1062, 33),
(176, 1062, 43),
(177, 1062, 46),
(178, 1063, 10),
(179, 1063, 14),
(180, 1063, 22),
(181, 1063, 36),
(182, 1063, 44),
(183, 1064, 10),
(184, 1065, 5),
(185, 1065, 10),
(186, 1065, 14),
(187, 1065, 19),
(188, 1066, 5),
(189, 1066, 10),
(190, 1066, 27),
(191, 1067, 18),
(192, 1067, 37),
(193, 1067, 38),
(194, 1068, 16),
(195, 1068, 18),
(196, 1068, 38),
(197, 1069, 5),
(198, 1069, 19),
(199, 1069, 27),
(200, 1070, 5),
(201, 1070, 8),
(202, 1070, 10),
(203, 1070, 44),
(204, 1071, 33),
(205, 1071, 46),
(206, 1071, 47),
(207, 1072, 1),
(208, 1072, 22),
(209, 1072, 26),
(210, 1073, 18),
(211, 1073, 26),
(212, 1074, 3),
(213, 1074, 30),
(214, 1075, 16),
(215, 1075, 37),
(216, 1076, 16),
(217, 1076, 18),
(218, 1076, 22),
(219, 1077, 1),
(220, 1077, 36),
(221, 1078, 16),
(222, 1078, 42),
(223, 1079, 34),
(224, 1080, 5),
(225, 1080, 19),
(226, 1081, 5),
(227, 1081, 22),
(228, 1082, 8),
(229, 1082, 16),
(230, 1082, 18),
(231, 1082, 37),
(232, 1082, 38),
(233, 1083, 8),
(234, 1083, 16),
(235, 1083, 18),
(236, 1083, 38),
(237, 1084, 5),
(238, 1084, 8),
(239, 1084, 10),
(240, 1084, 27),
(241, 1084, 44),
(242, 1085, 8),
(243, 1085, 10),
(244, 1086, 10),
(245, 1086, 44),
(246, 1086, 47),
(247, 1087, 10),
(248, 1087, 10),
(249, 1088, 18),
(250, 1088, 44),
(251, 1089, 10),
(252, 1089, 18),
(253, 1090, 1),
(254, 1091, 2),
(255, 1091, 22),
(256, 1092, 22),
(257, 1092, 29),
(258, 1093, 10),
(259, 1093, 44),
(260, 1094, 14),
(261, 1094, 18),
(262, 1094, 29),
(263, 1094, 36),
(264, 1094, 44),
(265, 1095, 18),
(266, 1096, 4),
(267, 1096, 14),
(268, 1096, 18),
(269, 1096, 44),
(270, 1097, 26),
(271, 1097, 39),
(272, 1098, 5),
(273, 1098, 10),
(274, 1098, 18),
(275, 1098, 44),
(276, 1099, 44),
(277, 1100, 1),
(278, 1100, 16),
(279, 1100, 18),
(280, 1100, 30),
(281, 1100, 38),
(282, 1101, 5),
(283, 1101, 27),
(284, 1101, 38),
(285, 1101, 40),
(286, 1102, 10),
(287, 1102, 44),
(288, 1102, 47),
(289, 1103, 10),
(290, 1104, 1),
(291, 1104, 3),
(292, 1104, 5),
(293, 1104, 16),
(294, 1104, 40),
(295, 1105, 1),
(296, 1105, 36),
(297, 1105, 38),
(298, 1105, 40),
(299, 1106, 22),
(300, 1106, 35),
(301, 1106, 36),
(302, 1107, 31),
(303, 1108, 22),
(304, 1108, 44),
(305, 1109, 22),
(306, 1109, 36),
(307, 1110, 1),
(308, 1110, 16),
(309, 1110, 18),
(310, 1110, 22),
(311, 1110, 38),
(312, 1111, 16),
(313, 1111, 18),
(314, 1111, 22),
(315, 1111, 38),
(316, 1112, 37),
(317, 1113, 8),
(318, 1113, 10),
(319, 1113, 17),
(320, 1113, 44),
(321, 1114, 10),
(322, 1114, 17),
(323, 1115, 3),
(324, 1115, 33),
(325, 1115, 47),
(326, 1116, 10),
(327, 1116, 44),
(328, 1117, 48),
(329, 1118, 8),
(330, 1118, 16),
(331, 1118, 38),
(332, 1118, 42),
(333, 1119, 8),
(334, 1119, 16),
(335, 1119, 38),
(336, 1120, 31),
(337, 1120, 37),
(338, 1121, 35),
(339, 1121, 36),
(340, 1122, 1),
(341, 1122, 16),
(342, 1122, 18),
(343, 1122, 22),
(344, 1123, 29),
(345, 1124, 2),
(346, 1124, 5),
(347, 1124, 22),
(348, 1124, 27),
(349, 1125, 22),
(350, 1125, 36),
(351, 1125, 43),
(352, 1126, 5),
(353, 1126, 16),
(354, 1126, 38),
(355, 1126, 40),
(356, 1126, 43),
(357, 1127, 16),
(358, 1127, 23),
(359, 1127, 34),
(360, 1127, 37),
(361, 1128, 21),
(362, 1128, 26),
(363, 1129, 28),
(364, 1129, 67),
(365, 1129, 70),
(366, 1130, 67),
(367, 1131, 16),
(368, 1132, 19),
(369, 1133, 5),
(370, 1133, 14),
(371, 1134, 1),
(372, 1134, 26),
(373, 1135, 26),
(374, 1135, 30),
(375, 1135, 34),
(376, 1136, 15),
(377, 1136, 36),
(378, 1137, 36),
(379, 1138, 4),
(380, 1138, 44),
(381, 1139, 4),
(382, 1140, 3),
(383, 1140, 18),
(384, 1140, 19),
(385, 1140, 22),
(386, 1140, 29),
(387, 1140, 36),
(388, 1140, 53),
(389, 1141, 3),
(390, 1141, 18),
(391, 1141, 22),
(392, 1141, 29),
(393, 1142, 18),
(394, 1142, 44),
(395, 1143, 18),
(396, 1143, 59),
(397, 1144, 47),
(398, 1144, 67),
(399, 1145, 67),
(400, 1146, 3),
(401, 1146, 18),
(402, 1146, 36),
(403, 1146, 73),
(404, 1147, 3),
(405, 1147, 18),
(406, 1147, 36),
(407, 1147, 41),
(408, 1148, 3),
(409, 1148, 18),
(410, 1148, 36),
(411, 1149, 3),
(412, 1149, 18),
(413, 1149, 73),
(414, 1150, 38),
(415, 1150, 71),
(416, 1151, 31),
(417, 1151, 71),
(418, 1152, 70),
(419, 1152, 71),
(420, 1152, 72),
(421, 1153, 3),
(422, 1153, 18),
(423, 1153, 19),
(424, 1154, 10),
(425, 1154, 72),
(426, 1155, 18),
(427, 1156, 18),
(428, 1156, 44),
(429, 1156, 52),
(430, 1156, 62),
(431, 1157, 10),
(432, 1157, 16),
(433, 1157, 19),
(434, 1157, 25),
(435, 1157, 72),
(436, 1158, 17),
(437, 1158, 85),
(438, 1159, 26),
(439, 1160, 28),
(440, 1160, 70),
(441, 1160, 71),
(442, 1161, 72),
(443, 1162, 3),
(444, 1162, 18),
(445, 1162, 19),
(446, 1162, 22),
(447, 1162, 36),
(448, 1163, 3),
(449, 1163, 18),
(450, 1163, 36),
(451, 1164, 9),
(452, 1164, 19),
(453, 1164, 27),
(454, 1164, 52),
(455, 1164, 67),
(456, 1165, 10),
(457, 1165, 11),
(458, 1165, 47),
(459, 1165, 72),
(460, 1166, 27),
(461, 1166, 52),
(462, 1166, 54),
(463, 1166, 62),
(464, 1166, 82),
(465, 1167, 64),
(466, 1167, 85),
(467, 1168, 71),
(468, 1169, 18),
(469, 1169, 29),
(470, 1169, 36),
(471, 1169, 59),
(472, 1169, 82),
(473, 1170, 47),
(474, 1170, 67),
(475, 1170, 72),
(476, 1171, 67),
(477, 1171, 72),
(478, 1172, 3),
(479, 1172, 22),
(480, 1172, 36),
(481, 1172, 50),
(482, 1172, 73),
(483, 1172, 78),
(484, 1172, 80),
(485, 1173, 3),
(486, 1173, 22),
(487, 1173, 36),
(488, 1173, 50),
(489, 1173, 78),
(490, 1173, 79),
(491, 1174, 3),
(492, 1174, 18),
(493, 1174, 36),
(494, 1174, 49),
(495, 1175, 1),
(496, 1175, 3),
(497, 1175, 22),
(498, 1175, 71),
(499, 1176, 3),
(500, 1176, 73),
(501, 1176, 79),
(502, 1177, 3),
(503, 1177, 18),
(504, 1177, 71),
(505, 1178, 3),
(506, 1178, 5),
(507, 1178, 37),
(508, 1179, 52),
(509, 1180, 3),
(510, 1180, 18),
(511, 1181, 3),
(512, 1181, 18),
(513, 1181, 19),
(514, 1181, 29),
(515, 1181, 61),
(516, 1182, 3),
(517, 1182, 33),
(518, 1182, 36),
(519, 1182, 73),
(520, 1182, 76),
(521, 1182, 79),
(522, 1183, 67),
(523, 1183, 70),
(524, 1183, 71),
(525, 1184, 3),
(526, 1184, 42),
(527, 1184, 71),
(528, 1185, 1),
(529, 1185, 22),
(530, 1185, 71),
(531, 1186, 22),
(532, 1186, 71),
(533, 1187, 22),
(534, 1187, 67),
(535, 1187, 69),
(536, 1187, 71),
(537, 1187, 72),
(538, 1188, 22),
(539, 1188, 67),
(540, 1188, 70),
(541, 1188, 71),
(542, 1188, 72),
(543, 1189, 9),
(544, 1189, 19),
(545, 1189, 52),
(546, 1190, 23),
(547, 1190, 27),
(548, 1190, 52),
(549, 1191, 33),
(550, 1191, 47),
(551, 1191, 67),
(552, 1191, 72),
(553, 1192, 3),
(554, 1192, 19),
(555, 1192, 75),
(556, 1193, 3),
(557, 1193, 18),
(558, 1193, 22),
(559, 1193, 75),
(560, 1194, 67),
(561, 1195, 5),
(562, 1195, 27),
(563, 1195, 44),
(564, 1195, 50),
(565, 1195, 51),
(566, 1195, 58),
(567, 1195, 61),
(568, 1196, 19),
(569, 1196, 22),
(570, 1196, 50),
(571, 1196, 51),
(572, 1196, 62),
(573, 1197, 4),
(574, 1197, 22),
(575, 1197, 50),
(576, 1197, 62),
(577, 1198, 16),
(578, 1198, 18),
(579, 1198, 38),
(580, 1198, 50),
(581, 1198, 73),
(582, 1198, 79),
(583, 1199, 16),
(584, 1199, 18),
(585, 1199, 50),
(586, 1199, 83),
(587, 1200, 19),
(588, 1200, 26),
(589, 1200, 53),
(590, 1200, 61),
(591, 1201, 18),
(592, 1201, 68),
(593, 1201, 83),
(594, 1201, 86),
(595, 1202, 3),
(596, 1202, 18),
(597, 1202, 19),
(598, 1202, 29),
(599, 1202, 36),
(600, 1203, 3),
(601, 1203, 18),
(602, 1203, 29),
(603, 1203, 36),
(604, 1204, 24),
(605, 1204, 45),
(606, 1204, 52),
(607, 1205, 3),
(608, 1205, 18),
(609, 1205, 19),
(610, 1205, 22),
(611, 1205, 36),
(612, 1205, 59),
(613, 1206, 3),
(614, 1206, 19),
(615, 1206, 52),
(616, 1206, 71),
(617, 1207, 65),
(618, 1207, 71),
(619, 1208, 75),
(620, 1209, 57),
(621, 1209, 62),
(622, 1210, 62),
(623, 1211, 3),
(624, 1211, 18),
(625, 1211, 19),
(626, 1211, 36),
(627, 1211, 61),
(628, 1212, 20),
(629, 1212, 86),
(630, 1213, 52),
(631, 1214, 29),
(632, 1214, 36),
(633, 1214, 44),
(634, 1214, 54),
(635, 1215, 67),
(636, 1215, 72),
(637, 1216, 19),
(638, 1216, 52),
(639, 1217, 22),
(640, 1218, 28),
(641, 1218, 31),
(642, 1218, 71),
(643, 1219, 36),
(644, 1219, 66),
(645, 1219, 67),
(646, 1219, 70),
(647, 1219, 72),
(648, 1220, 36),
(649, 1220, 67),
(650, 1220, 69),
(651, 1220, 72),
(652, 1220, 77),
(653, 1221, 7),
(654, 1221, 71),
(655, 1222, 3),
(656, 1222, 19),
(657, 1222, 36),
(658, 1222, 53),
(659, 1222, 75),
(660, 1223, 3),
(661, 1223, 9),
(662, 1223, 22),
(663, 1223, 36),
(664, 1223, 53),
(665, 1223, 61),
(666, 1223, 75),
(667, 1224, 3),
(668, 1224, 29),
(669, 1224, 33),
(670, 1224, 36),
(671, 1224, 50),
(672, 1224, 65),
(673, 1224, 76),
(674, 1224, 79),
(675, 1225, 34),
(676, 1225, 40),
(677, 1226, 13),
(678, 1227, 16),
(679, 1227, 18),
(680, 1227, 73),
(681, 1228, 5),
(682, 1228, 27),
(683, 1229, 70),
(684, 1229, 71),
(685, 1230, 3),
(686, 1230, 9),
(687, 1230, 36),
(688, 1230, 52),
(689, 1230, 61),
(690, 1230, 82),
(691, 1231, 72),
(692, 1231, 86),
(693, 1232, 3),
(694, 1232, 5),
(695, 1232, 27),
(696, 1232, 30),
(697, 1233, 1),
(698, 1233, 71),
(699, 1234, 67),
(700, 1234, 69),
(701, 1234, 72),
(702, 1235, 3),
(703, 1235, 36),
(704, 1235, 50),
(705, 1235, 65),
(706, 1235, 76),
(707, 1235, 79),
(708, 1236, 3),
(709, 1236, 22),
(710, 1236, 36),
(711, 1236, 52),
(712, 1236, 61),
(713, 1236, 82),
(714, 1237, 10),
(715, 1237, 33),
(716, 1237, 47),
(717, 1237, 72),
(718, 1238, 31),
(719, 1238, 65),
(720, 1239, 33),
(721, 1239, 75);

-- --------------------------------------------------------

--
-- Table structure for table `builds`
--

CREATE TABLE IF NOT EXISTS `builds` (
`id` smallint(6) NOT NULL,
  `nickname` varchar(50) DEFAULT NULL,
  `ship_id` smallint(6) NOT NULL,
  `upgrades` varchar(32) DEFAULT NULL,
  `cost` int(11) DEFAULT NULL
) ENGINE=MyISAM  DEFAULT CHARSET=utf8 AUTO_INCREMENT=1240 ;

--
-- Dumping data for table `builds`
--

INSERT INTO `builds` (`id`, `nickname`, `ship_id`, `upgrades`, `cost`) VALUES
(1, NULL, 1, NULL, 44),
(2, NULL, 2, NULL, 39),
(3, NULL, 3, NULL, 57),
(4, NULL, 4, NULL, 51),
(5, NULL, 5, NULL, 73),
(6, NULL, 6, NULL, 85),
(7, NULL, 7, NULL, 13),
(8, NULL, 8, NULL, 20),
(9, NULL, 9, NULL, 8),
(10, NULL, 10, NULL, 16),
(11, NULL, 11, NULL, 81),
(12, NULL, 12, NULL, 72),
(13, NULL, 13, NULL, 56),
(14, NULL, 14, NULL, 62),
(15, NULL, 15, NULL, 11),
(16, NULL, 16, NULL, 16),
(17, NULL, 17, NULL, 14),
(18, NULL, 18, NULL, 20),
(19, NULL, 19, NULL, 19),
(20, NULL, 20, NULL, 10),
(21, NULL, 21, NULL, 16),
(22, NULL, 22, NULL, 15),
(23, NULL, 23, NULL, 12),
(24, NULL, 24, NULL, 21),
(25, NULL, 25, NULL, 11),
(26, NULL, 26, NULL, 18),
(27, NULL, 27, NULL, 9),
(28, NULL, 28, NULL, 16),
(29, NULL, 29, NULL, 110),
(30, NULL, 30, NULL, 120),
(31, NULL, 31, NULL, 69),
(32, NULL, 32, NULL, 63),
(33, NULL, 33, NULL, 114),
(34, NULL, 34, NULL, 106),
(35, NULL, 35, NULL, 13),
(36, NULL, 36, NULL, 26),
(37, NULL, 37, NULL, 16),
(38, NULL, 38, NULL, 24),
(39, NULL, 39, NULL, 12),
(40, NULL, 40, NULL, 19),
(41, NULL, 41, NULL, 16),
(42, NULL, 42, NULL, 21),
(43, NULL, 43, NULL, 18),
(44, NULL, 44, NULL, 26),
(45, NULL, 45, NULL, 15),
(46, NULL, 46, NULL, 23),
(47, NULL, 47, NULL, 16),
(48, NULL, 48, NULL, 21),
(49, NULL, 49, NULL, 12),
(50, NULL, 50, NULL, 20),
(51, NULL, 51, NULL, 44),
(52, NULL, 52, NULL, 48),
(53, NULL, 53, NULL, NULL),
(54, NULL, 54, NULL, NULL),
(55, NULL, 55, NULL, NULL),
(56, NULL, 56, NULL, NULL),
(57, NULL, 57, NULL, NULL),
(58, NULL, 58, NULL, NULL),
(59, NULL, 59, NULL, NULL),
(60, NULL, 60, NULL, NULL),
(61, NULL, 61, NULL, NULL),
(62, NULL, 62, NULL, NULL),
(63, NULL, 63, NULL, NULL),
(64, NULL, 64, NULL, NULL),
(65, NULL, 65, NULL, NULL),
(66, NULL, 66, NULL, NULL),
(67, NULL, 67, NULL, NULL),
(68, NULL, 68, NULL, NULL),
(69, NULL, 69, NULL, NULL),
(70, NULL, 70, NULL, NULL),
(71, NULL, 71, NULL, NULL),
(72, NULL, 72, NULL, NULL),
(73, NULL, 73, NULL, NULL),
(74, NULL, 74, NULL, NULL),
(75, NULL, 75, NULL, NULL),
(76, NULL, 76, NULL, NULL),
(77, NULL, 77, NULL, NULL),
(78, NULL, 78, NULL, NULL),
(79, NULL, 79, NULL, NULL),
(80, NULL, 80, NULL, NULL),
(81, NULL, 81, NULL, NULL),
(82, NULL, 82, NULL, NULL),
(83, NULL, 83, NULL, NULL),
(84, NULL, 84, NULL, NULL),
(85, NULL, 85, NULL, NULL),
(86, NULL, 86, NULL, NULL),
(87, NULL, 87, NULL, NULL),
(88, NULL, 88, NULL, NULL),
(89, NULL, 89, NULL, NULL),
(90, NULL, 90, NULL, NULL),
(91, NULL, 91, NULL, NULL),
(92, NULL, 92, NULL, NULL),
(93, NULL, 93, NULL, NULL),
(94, NULL, 94, NULL, NULL),
(95, NULL, 95, NULL, NULL),
(96, NULL, 96, NULL, NULL),
(97, NULL, 97, NULL, NULL),
(98, NULL, 98, NULL, NULL),
(99, NULL, 99, NULL, NULL),
(100, NULL, 100, NULL, NULL),
(101, NULL, 101, NULL, NULL),
(102, NULL, 102, NULL, NULL),
(103, NULL, 103, NULL, NULL),
(104, NULL, 104, NULL, NULL),
(105, NULL, 105, NULL, NULL),
(106, NULL, 106, NULL, NULL),
(107, NULL, 107, NULL, NULL),
(108, NULL, 108, NULL, NULL),
(109, NULL, 109, NULL, NULL),
(110, NULL, 110, NULL, NULL),
(111, NULL, 111, NULL, NULL),
(112, NULL, 112, NULL, NULL),
(113, NULL, 113, NULL, NULL),
(114, NULL, 114, NULL, NULL),
(115, NULL, 115, NULL, NULL),
(116, NULL, 116, NULL, NULL),
(117, NULL, 117, NULL, NULL),
(118, NULL, 118, NULL, NULL),
(119, NULL, 119, NULL, NULL),
(120, NULL, 120, NULL, NULL),
(121, NULL, 121, NULL, NULL),
(122, NULL, 122, NULL, NULL),
(123, NULL, 123, NULL, NULL),
(124, NULL, 124, NULL, NULL),
(125, NULL, 125, NULL, NULL),
(126, NULL, 126, NULL, NULL),
(127, NULL, 127, NULL, NULL),
(128, NULL, 128, NULL, NULL),
(129, NULL, 129, NULL, NULL),
(130, NULL, 130, NULL, NULL),
(131, NULL, 131, NULL, NULL),
(132, NULL, 132, NULL, NULL),
(133, NULL, 133, NULL, NULL),
(134, NULL, 134, NULL, NULL),
(135, NULL, 135, NULL, NULL),
(136, NULL, 136, NULL, NULL),
(137, NULL, 137, NULL, NULL),
(138, NULL, 138, NULL, NULL),
(139, NULL, 139, NULL, NULL),
(140, NULL, 140, NULL, NULL),
(141, NULL, 141, NULL, NULL),
(142, NULL, 142, NULL, NULL),
(143, NULL, 143, NULL, NULL),
(144, NULL, 144, NULL, NULL),
(145, NULL, 145, NULL, NULL),
(146, NULL, 146, NULL, NULL),
(147, NULL, 147, NULL, NULL),
(148, NULL, 148, NULL, NULL),
(149, NULL, 149, NULL, NULL),
(150, NULL, 150, NULL, NULL),
(151, NULL, 151, NULL, NULL),
(152, NULL, 152, NULL, NULL),
(153, NULL, 153, NULL, NULL),
(154, NULL, 154, NULL, NULL),
(155, NULL, 155, NULL, NULL),
(156, NULL, 156, NULL, NULL),
(157, NULL, 157, NULL, NULL),
(158, NULL, 158, NULL, NULL),
(159, NULL, 159, NULL, NULL),
(160, NULL, 160, NULL, NULL),
(161, NULL, 161, NULL, NULL),
(162, NULL, 162, NULL, NULL),
(163, NULL, 163, NULL, NULL),
(164, NULL, 164, NULL, NULL),
(165, NULL, 165, NULL, NULL),
(166, NULL, 166, NULL, NULL),
(167, NULL, 167, NULL, NULL),
(168, NULL, 168, NULL, NULL),
(169, NULL, 169, NULL, NULL),
(170, NULL, 170, NULL, NULL),
(171, NULL, 171, NULL, NULL),
(172, NULL, 172, NULL, NULL),
(173, NULL, 173, NULL, NULL),
(174, NULL, 174, NULL, NULL),
(175, NULL, 175, NULL, NULL),
(176, NULL, 176, NULL, NULL),
(177, NULL, 177, NULL, NULL),
(178, NULL, 178, NULL, NULL),
(179, NULL, 179, NULL, NULL),
(180, NULL, 180, NULL, NULL),
(181, NULL, 181, NULL, NULL),
(182, NULL, 182, NULL, NULL),
(183, NULL, 183, NULL, NULL),
(184, NULL, 184, NULL, NULL),
(185, NULL, 185, NULL, NULL),
(186, NULL, 186, NULL, NULL),
(187, NULL, 187, NULL, NULL),
(188, NULL, 188, NULL, NULL),
(189, NULL, 189, NULL, NULL),
(190, NULL, 190, NULL, NULL),
(191, NULL, 191, NULL, NULL),
(192, NULL, 192, NULL, NULL),
(193, NULL, 193, NULL, NULL),
(194, NULL, 194, NULL, NULL),
(195, NULL, 195, NULL, NULL),
(196, NULL, 196, NULL, NULL),
(197, NULL, 197, NULL, NULL),
(198, NULL, 198, NULL, NULL),
(199, NULL, 199, NULL, NULL),
(200, NULL, 200, NULL, NULL),
(201, NULL, 201, NULL, NULL),
(202, NULL, 202, NULL, NULL),
(203, NULL, 203, NULL, NULL),
(204, NULL, 204, NULL, NULL),
(205, NULL, 205, NULL, NULL),
(206, NULL, 206, NULL, NULL),
(207, NULL, 207, NULL, NULL),
(208, NULL, 208, NULL, NULL),
(209, NULL, 209, NULL, NULL),
(210, NULL, 210, NULL, NULL),
(211, NULL, 211, NULL, NULL),
(212, NULL, 212, NULL, NULL),
(213, NULL, 213, NULL, NULL),
(214, NULL, 214, NULL, NULL),
(215, NULL, 215, NULL, NULL),
(216, NULL, 216, NULL, NULL),
(217, NULL, 217, NULL, NULL),
(218, NULL, 218, NULL, NULL),
(219, NULL, 219, NULL, NULL),
(220, NULL, 220, NULL, NULL),
(221, NULL, 221, NULL, NULL),
(222, NULL, 222, NULL, NULL),
(223, NULL, 223, NULL, NULL),
(224, NULL, 224, NULL, NULL),
(225, NULL, 225, NULL, NULL),
(226, NULL, 226, NULL, NULL),
(227, NULL, 227, NULL, NULL),
(228, NULL, 228, NULL, NULL),
(229, NULL, 229, NULL, NULL),
(230, NULL, 230, NULL, NULL),
(231, NULL, 231, NULL, NULL),
(232, NULL, 232, NULL, NULL),
(233, NULL, 233, NULL, NULL),
(234, NULL, 234, NULL, NULL),
(235, NULL, 235, NULL, NULL),
(236, NULL, 236, NULL, NULL),
(237, NULL, 237, NULL, NULL),
(238, NULL, 238, NULL, NULL),
(239, NULL, 239, NULL, NULL),
(240, NULL, 240, NULL, NULL),
(241, NULL, 241, NULL, NULL),
(242, NULL, 242, NULL, NULL),
(243, NULL, 243, NULL, NULL),
(244, NULL, 244, NULL, NULL),
(245, NULL, 245, NULL, NULL),
(246, NULL, 246, NULL, NULL),
(247, NULL, 247, NULL, NULL),
(248, NULL, 248, NULL, NULL),
(249, NULL, 249, NULL, NULL),
(250, NULL, 250, NULL, NULL),
(251, NULL, 251, NULL, NULL),
(252, NULL, 252, NULL, NULL),
(253, NULL, 253, NULL, NULL),
(254, NULL, 254, NULL, NULL),
(255, NULL, 255, NULL, NULL),
(256, NULL, 256, NULL, NULL),
(257, NULL, 257, NULL, NULL),
(258, NULL, 258, NULL, NULL),
(259, NULL, 259, NULL, NULL),
(260, NULL, 260, NULL, NULL),
(261, NULL, 261, NULL, NULL),
(262, NULL, 262, NULL, NULL),
(263, NULL, 263, NULL, NULL),
(264, NULL, 264, NULL, NULL),
(265, NULL, 265, NULL, NULL),
(266, NULL, 266, NULL, NULL),
(267, NULL, 267, NULL, NULL),
(268, NULL, 268, NULL, NULL),
(269, NULL, 269, NULL, NULL),
(270, NULL, 270, NULL, NULL),
(271, NULL, 271, NULL, NULL),
(272, NULL, 272, NULL, NULL),
(273, NULL, 273, NULL, NULL),
(274, NULL, 274, NULL, NULL),
(275, NULL, 275, NULL, NULL),
(276, NULL, 276, NULL, NULL),
(277, NULL, 277, NULL, NULL),
(278, NULL, 278, NULL, NULL),
(279, NULL, 279, NULL, NULL),
(280, NULL, 280, NULL, NULL),
(281, NULL, 281, NULL, NULL),
(282, NULL, 282, NULL, NULL),
(283, NULL, 283, NULL, NULL),
(284, NULL, 284, NULL, NULL),
(285, NULL, 285, NULL, NULL),
(286, NULL, 286, NULL, NULL),
(287, NULL, 287, NULL, NULL),
(288, NULL, 288, NULL, NULL),
(289, NULL, 289, NULL, NULL),
(290, NULL, 290, NULL, NULL),
(291, NULL, 291, NULL, NULL),
(292, NULL, 292, NULL, NULL),
(293, NULL, 293, NULL, NULL),
(294, NULL, 294, NULL, NULL),
(295, NULL, 295, NULL, NULL),
(296, NULL, 296, NULL, NULL),
(297, NULL, 297, NULL, NULL),
(298, NULL, 298, NULL, NULL),
(299, NULL, 299, NULL, NULL),
(300, NULL, 300, NULL, NULL),
(301, NULL, 301, NULL, NULL),
(302, NULL, 302, NULL, NULL),
(303, NULL, 303, NULL, NULL),
(304, NULL, 304, NULL, NULL),
(305, NULL, 305, NULL, NULL),
(306, NULL, 306, NULL, NULL),
(307, NULL, 307, NULL, NULL),
(308, NULL, 308, NULL, NULL),
(309, NULL, 309, NULL, NULL),
(310, NULL, 310, NULL, NULL),
(311, NULL, 311, NULL, NULL),
(312, NULL, 312, NULL, NULL),
(313, NULL, 313, NULL, NULL),
(314, NULL, 314, NULL, NULL),
(315, NULL, 315, NULL, NULL),
(316, NULL, 316, NULL, NULL),
(317, NULL, 317, NULL, NULL),
(318, NULL, 318, NULL, NULL),
(319, NULL, 319, NULL, NULL),
(320, NULL, 320, NULL, NULL),
(321, NULL, 321, NULL, NULL),
(322, NULL, 322, NULL, NULL),
(323, NULL, 323, NULL, NULL),
(324, NULL, 324, NULL, NULL),
(325, NULL, 325, NULL, NULL),
(326, NULL, 326, NULL, NULL),
(327, NULL, 327, NULL, NULL),
(328, NULL, 328, NULL, NULL),
(329, NULL, 329, NULL, NULL),
(330, NULL, 330, NULL, NULL),
(331, NULL, 331, NULL, NULL),
(332, NULL, 332, NULL, NULL),
(333, NULL, 333, NULL, NULL),
(334, NULL, 334, NULL, NULL),
(335, NULL, 335, NULL, NULL),
(336, NULL, 336, NULL, NULL),
(337, NULL, 337, NULL, NULL),
(338, NULL, 338, NULL, NULL),
(339, NULL, 339, NULL, NULL),
(340, NULL, 340, NULL, NULL),
(341, NULL, 341, NULL, NULL),
(342, NULL, 342, NULL, NULL),
(343, NULL, 343, NULL, NULL),
(344, NULL, 344, NULL, NULL),
(345, NULL, 345, NULL, NULL),
(346, NULL, 346, NULL, NULL),
(347, NULL, 347, NULL, NULL),
(348, NULL, 348, NULL, NULL),
(349, NULL, 349, NULL, NULL),
(350, NULL, 350, NULL, NULL),
(351, NULL, 351, NULL, NULL),
(352, NULL, 352, NULL, NULL),
(353, NULL, 353, NULL, NULL),
(354, NULL, 354, NULL, NULL),
(355, NULL, 355, NULL, NULL),
(356, NULL, 356, NULL, NULL),
(357, NULL, 357, NULL, NULL),
(358, NULL, 358, NULL, NULL),
(359, NULL, 359, NULL, NULL),
(360, NULL, 360, NULL, NULL),
(361, NULL, 361, NULL, NULL),
(362, NULL, 362, NULL, NULL),
(363, NULL, 363, NULL, NULL),
(364, NULL, 364, NULL, NULL),
(365, NULL, 365, NULL, NULL),
(366, NULL, 366, NULL, NULL),
(367, NULL, 367, NULL, NULL),
(368, NULL, 368, NULL, NULL),
(369, NULL, 369, NULL, NULL),
(370, NULL, 370, NULL, NULL),
(371, NULL, 371, NULL, NULL),
(372, NULL, 372, NULL, NULL),
(373, NULL, 373, NULL, NULL),
(374, NULL, 374, NULL, NULL),
(375, NULL, 375, NULL, NULL),
(376, NULL, 376, NULL, NULL),
(377, NULL, 377, NULL, NULL),
(378, NULL, 378, NULL, NULL),
(379, NULL, 379, NULL, NULL),
(380, NULL, 380, NULL, NULL),
(381, NULL, 381, NULL, NULL),
(382, NULL, 382, NULL, NULL),
(383, NULL, 383, NULL, NULL),
(384, NULL, 384, NULL, NULL),
(385, NULL, 385, NULL, NULL),
(386, NULL, 386, NULL, NULL),
(387, NULL, 387, NULL, NULL),
(388, NULL, 388, NULL, NULL),
(389, NULL, 389, NULL, NULL),
(390, NULL, 390, NULL, NULL),
(391, NULL, 391, NULL, NULL),
(392, NULL, 392, NULL, NULL),
(393, NULL, 393, NULL, NULL),
(394, NULL, 394, NULL, NULL),
(395, NULL, 395, NULL, NULL),
(396, NULL, 396, NULL, NULL),
(397, NULL, 397, NULL, NULL),
(398, NULL, 398, NULL, NULL),
(399, NULL, 399, NULL, NULL),
(400, NULL, 400, NULL, NULL),
(401, NULL, 401, NULL, NULL),
(402, NULL, 402, NULL, NULL),
(403, NULL, 403, NULL, NULL),
(404, NULL, 404, NULL, NULL),
(405, NULL, 405, NULL, NULL),
(406, NULL, 406, NULL, NULL),
(407, NULL, 407, NULL, NULL),
(408, NULL, 408, NULL, NULL),
(409, NULL, 409, NULL, NULL),
(410, NULL, 410, NULL, NULL),
(411, NULL, 411, NULL, NULL),
(412, NULL, 412, NULL, NULL),
(413, NULL, 413, NULL, NULL),
(414, NULL, 414, NULL, NULL),
(415, NULL, 415, NULL, NULL),
(416, NULL, 416, NULL, NULL),
(417, NULL, 417, NULL, NULL),
(418, NULL, 418, NULL, NULL),
(419, NULL, 419, NULL, NULL),
(420, NULL, 420, NULL, NULL),
(421, NULL, 421, NULL, NULL),
(422, NULL, 422, NULL, NULL),
(423, NULL, 423, NULL, NULL),
(424, NULL, 424, NULL, NULL),
(425, NULL, 425, NULL, NULL),
(426, NULL, 426, NULL, NULL),
(427, NULL, 427, NULL, NULL),
(428, NULL, 428, NULL, NULL),
(429, NULL, 429, NULL, NULL),
(430, NULL, 430, NULL, NULL),
(431, NULL, 431, NULL, NULL),
(432, NULL, 432, NULL, NULL),
(433, NULL, 433, NULL, NULL),
(434, NULL, 434, NULL, NULL),
(435, NULL, 435, NULL, NULL),
(436, NULL, 436, NULL, NULL),
(437, NULL, 437, NULL, NULL),
(438, NULL, 438, NULL, NULL),
(439, NULL, 439, NULL, NULL),
(440, NULL, 440, NULL, NULL),
(441, NULL, 441, NULL, NULL),
(442, NULL, 442, NULL, NULL),
(443, NULL, 443, NULL, NULL),
(444, NULL, 444, NULL, NULL),
(445, NULL, 445, NULL, NULL),
(446, NULL, 446, NULL, NULL),
(447, NULL, 447, NULL, NULL),
(448, NULL, 448, NULL, NULL),
(449, NULL, 449, NULL, NULL),
(450, NULL, 450, NULL, NULL),
(451, NULL, 451, NULL, NULL),
(452, NULL, 452, NULL, NULL),
(453, NULL, 453, NULL, NULL),
(454, NULL, 454, NULL, NULL),
(455, NULL, 455, NULL, NULL),
(456, NULL, 456, NULL, NULL),
(457, NULL, 457, NULL, NULL),
(458, NULL, 458, NULL, NULL),
(459, NULL, 459, NULL, NULL),
(460, NULL, 460, NULL, NULL),
(461, NULL, 461, NULL, NULL),
(462, NULL, 462, NULL, NULL),
(463, NULL, 463, NULL, NULL),
(464, NULL, 464, NULL, NULL),
(465, NULL, 465, NULL, NULL),
(466, NULL, 466, NULL, NULL),
(467, NULL, 467, NULL, NULL),
(468, NULL, 468, NULL, NULL),
(469, NULL, 469, NULL, NULL),
(470, NULL, 470, NULL, NULL),
(471, NULL, 471, NULL, NULL),
(472, NULL, 472, NULL, NULL),
(473, NULL, 473, NULL, NULL),
(474, NULL, 474, NULL, NULL),
(475, NULL, 475, NULL, NULL),
(476, NULL, 476, NULL, NULL),
(477, NULL, 477, NULL, NULL),
(478, NULL, 478, NULL, NULL),
(479, NULL, 479, NULL, NULL),
(480, NULL, 480, NULL, NULL),
(481, NULL, 481, NULL, NULL),
(482, NULL, 482, NULL, NULL),
(483, NULL, 483, NULL, NULL),
(484, NULL, 484, NULL, NULL),
(485, NULL, 485, NULL, NULL),
(486, NULL, 486, NULL, NULL),
(487, NULL, 487, NULL, NULL),
(488, NULL, 488, NULL, NULL),
(489, NULL, 489, NULL, NULL),
(490, NULL, 490, NULL, NULL),
(491, NULL, 491, NULL, NULL),
(492, NULL, 492, NULL, NULL),
(493, NULL, 493, NULL, NULL),
(494, NULL, 494, NULL, NULL),
(495, NULL, 495, NULL, NULL),
(496, NULL, 496, NULL, NULL),
(497, NULL, 497, NULL, NULL),
(498, NULL, 498, NULL, NULL),
(499, NULL, 499, NULL, NULL),
(500, NULL, 500, NULL, NULL),
(501, NULL, 501, NULL, NULL),
(502, NULL, 502, NULL, NULL),
(503, NULL, 503, NULL, NULL),
(504, NULL, 504, NULL, NULL),
(505, NULL, 505, NULL, NULL),
(506, NULL, 506, NULL, NULL),
(507, NULL, 507, NULL, NULL),
(508, NULL, 508, NULL, NULL),
(509, NULL, 509, NULL, NULL),
(510, NULL, 510, NULL, NULL),
(511, NULL, 511, NULL, NULL),
(512, NULL, 512, NULL, NULL),
(513, NULL, 513, NULL, NULL),
(514, NULL, 514, NULL, NULL),
(515, NULL, 515, NULL, NULL),
(516, NULL, 516, NULL, NULL),
(517, NULL, 517, NULL, NULL),
(518, NULL, 518, NULL, NULL),
(519, NULL, 519, NULL, NULL),
(520, NULL, 520, NULL, NULL),
(521, NULL, 521, NULL, NULL),
(522, NULL, 522, NULL, NULL),
(523, NULL, 523, NULL, NULL),
(524, NULL, 524, NULL, NULL),
(525, NULL, 525, NULL, NULL),
(526, NULL, 526, NULL, NULL),
(527, NULL, 527, NULL, NULL),
(528, NULL, 528, NULL, NULL),
(529, NULL, 529, NULL, NULL),
(530, NULL, 530, NULL, NULL),
(531, NULL, 531, NULL, NULL),
(532, NULL, 532, NULL, NULL),
(533, NULL, 533, NULL, NULL),
(534, NULL, 534, NULL, NULL),
(535, NULL, 535, NULL, NULL),
(536, NULL, 536, NULL, NULL),
(537, NULL, 537, NULL, NULL),
(538, NULL, 538, NULL, NULL),
(539, NULL, 539, NULL, NULL),
(540, NULL, 540, NULL, NULL),
(541, NULL, 541, NULL, NULL),
(542, NULL, 542, NULL, NULL),
(543, NULL, 543, NULL, NULL),
(544, NULL, 544, NULL, NULL),
(545, NULL, 545, NULL, NULL),
(546, NULL, 546, NULL, NULL),
(547, NULL, 547, NULL, NULL),
(548, NULL, 548, NULL, NULL),
(549, NULL, 549, NULL, NULL),
(550, NULL, 550, NULL, NULL),
(551, NULL, 551, NULL, NULL),
(552, NULL, 552, NULL, NULL),
(553, NULL, 553, NULL, NULL),
(554, NULL, 554, NULL, NULL),
(555, NULL, 555, NULL, NULL),
(556, NULL, 556, NULL, NULL),
(557, NULL, 557, NULL, NULL),
(558, NULL, 558, NULL, NULL),
(559, NULL, 559, NULL, NULL),
(560, NULL, 560, NULL, NULL),
(561, NULL, 561, NULL, NULL),
(562, NULL, 562, NULL, NULL),
(563, NULL, 563, NULL, NULL),
(564, NULL, 564, NULL, NULL),
(565, NULL, 565, NULL, NULL),
(566, NULL, 566, NULL, NULL),
(567, NULL, 567, NULL, NULL),
(568, NULL, 568, NULL, NULL),
(569, NULL, 569, NULL, NULL),
(570, NULL, 570, NULL, NULL),
(571, NULL, 571, NULL, NULL),
(572, NULL, 572, NULL, NULL),
(573, NULL, 573, NULL, NULL),
(574, NULL, 574, NULL, NULL),
(575, NULL, 575, NULL, NULL),
(576, NULL, 576, NULL, NULL),
(577, NULL, 577, NULL, NULL),
(578, NULL, 578, NULL, NULL),
(579, NULL, 579, NULL, NULL),
(580, NULL, 580, NULL, NULL),
(581, NULL, 581, NULL, NULL),
(582, NULL, 582, NULL, NULL),
(583, NULL, 583, NULL, NULL),
(584, NULL, 584, NULL, NULL),
(585, NULL, 585, NULL, NULL),
(586, NULL, 586, NULL, NULL),
(587, NULL, 587, NULL, NULL),
(588, NULL, 588, NULL, NULL),
(589, NULL, 589, NULL, NULL),
(590, NULL, 590, NULL, NULL),
(591, NULL, 591, NULL, NULL),
(592, NULL, 592, NULL, NULL),
(593, NULL, 593, NULL, NULL),
(594, NULL, 594, NULL, NULL),
(595, NULL, 595, NULL, NULL),
(596, NULL, 596, NULL, NULL),
(597, NULL, 597, NULL, NULL),
(598, NULL, 598, NULL, NULL),
(599, NULL, 599, NULL, NULL),
(600, NULL, 600, NULL, NULL),
(601, NULL, 601, NULL, NULL),
(602, NULL, 602, NULL, NULL),
(603, NULL, 603, NULL, NULL),
(604, NULL, 604, NULL, NULL),
(605, NULL, 605, NULL, NULL),
(606, NULL, 606, NULL, NULL),
(607, NULL, 607, NULL, NULL),
(608, NULL, 608, NULL, NULL),
(609, NULL, 609, NULL, NULL),
(610, NULL, 610, NULL, NULL),
(611, NULL, 611, NULL, NULL),
(612, NULL, 612, NULL, NULL),
(613, NULL, 613, NULL, NULL),
(614, NULL, 614, NULL, NULL),
(615, NULL, 615, NULL, NULL),
(616, NULL, 616, NULL, NULL),
(617, NULL, 617, NULL, NULL),
(618, NULL, 618, NULL, NULL),
(619, NULL, 619, NULL, NULL),
(620, NULL, 620, NULL, NULL),
(621, NULL, 621, NULL, NULL),
(622, NULL, 622, NULL, NULL),
(623, NULL, 623, NULL, NULL),
(624, NULL, 624, NULL, NULL),
(625, NULL, 625, NULL, NULL),
(626, NULL, 626, NULL, NULL),
(627, NULL, 627, NULL, NULL),
(628, NULL, 628, NULL, NULL),
(629, NULL, 629, NULL, NULL),
(630, NULL, 630, NULL, NULL),
(631, NULL, 631, NULL, NULL),
(632, NULL, 632, NULL, NULL),
(633, NULL, 633, NULL, NULL),
(634, NULL, 634, NULL, NULL),
(635, NULL, 635, NULL, NULL),
(636, NULL, 636, NULL, NULL),
(637, NULL, 637, NULL, NULL),
(638, NULL, 638, NULL, NULL),
(639, NULL, 639, NULL, NULL),
(640, NULL, 640, NULL, NULL),
(641, NULL, 641, NULL, NULL),
(642, NULL, 642, NULL, NULL),
(643, NULL, 643, NULL, NULL),
(644, NULL, 644, NULL, NULL),
(645, NULL, 645, NULL, NULL),
(646, NULL, 646, NULL, NULL),
(647, NULL, 647, NULL, NULL),
(648, NULL, 648, NULL, NULL),
(649, NULL, 649, NULL, NULL),
(650, NULL, 650, NULL, NULL),
(651, NULL, 651, NULL, NULL),
(652, NULL, 652, NULL, NULL),
(653, NULL, 653, NULL, NULL),
(654, NULL, 654, NULL, NULL),
(655, NULL, 655, NULL, NULL),
(656, NULL, 656, NULL, NULL),
(657, NULL, 657, NULL, NULL),
(658, NULL, 658, NULL, NULL),
(659, NULL, 659, NULL, NULL),
(660, NULL, 660, NULL, NULL),
(661, NULL, 661, NULL, NULL),
(662, NULL, 662, NULL, NULL),
(663, NULL, 663, NULL, NULL),
(664, NULL, 664, NULL, NULL),
(665, NULL, 665, NULL, NULL),
(666, NULL, 666, NULL, NULL),
(667, NULL, 667, NULL, NULL),
(668, NULL, 668, NULL, NULL),
(669, NULL, 669, NULL, NULL),
(670, NULL, 670, NULL, NULL),
(671, NULL, 671, NULL, NULL),
(672, NULL, 672, NULL, NULL),
(673, NULL, 673, NULL, NULL),
(674, NULL, 674, NULL, NULL),
(675, NULL, 675, NULL, NULL),
(676, NULL, 676, NULL, NULL),
(677, NULL, 677, NULL, NULL),
(678, NULL, 678, NULL, NULL),
(679, NULL, 679, NULL, NULL),
(680, NULL, 680, NULL, NULL),
(681, NULL, 681, NULL, NULL),
(682, NULL, 682, NULL, NULL),
(683, NULL, 683, NULL, NULL),
(684, NULL, 684, NULL, NULL),
(685, NULL, 685, NULL, NULL),
(686, NULL, 686, NULL, NULL),
(687, NULL, 687, NULL, NULL),
(688, NULL, 688, NULL, NULL),
(689, NULL, 689, NULL, NULL),
(690, NULL, 690, NULL, NULL),
(691, NULL, 691, NULL, NULL),
(692, NULL, 692, NULL, NULL),
(693, NULL, 693, NULL, NULL),
(694, NULL, 694, NULL, NULL),
(695, NULL, 695, NULL, NULL),
(696, NULL, 696, NULL, NULL),
(697, NULL, 697, NULL, NULL),
(698, NULL, 698, NULL, NULL),
(699, NULL, 699, NULL, NULL),
(700, NULL, 700, NULL, NULL),
(701, NULL, 701, NULL, NULL),
(702, NULL, 702, NULL, NULL),
(703, NULL, 703, NULL, NULL),
(704, NULL, 704, NULL, NULL),
(705, NULL, 705, NULL, NULL),
(706, NULL, 706, NULL, NULL),
(707, NULL, 707, NULL, NULL),
(708, NULL, 708, NULL, NULL),
(709, NULL, 709, NULL, NULL),
(710, NULL, 710, NULL, NULL),
(711, NULL, 711, NULL, NULL),
(712, NULL, 712, NULL, NULL),
(713, NULL, 713, NULL, NULL),
(714, NULL, 714, NULL, NULL),
(715, NULL, 715, NULL, NULL),
(716, NULL, 716, NULL, NULL),
(717, NULL, 717, NULL, NULL),
(718, NULL, 718, NULL, NULL),
(719, NULL, 719, NULL, NULL),
(720, NULL, 720, NULL, NULL),
(721, NULL, 721, NULL, NULL),
(722, NULL, 722, NULL, NULL),
(723, NULL, 723, NULL, NULL),
(724, NULL, 724, NULL, NULL),
(725, NULL, 725, NULL, NULL),
(726, NULL, 726, NULL, NULL),
(727, NULL, 727, NULL, NULL),
(728, NULL, 728, NULL, NULL),
(729, NULL, 729, NULL, NULL),
(730, NULL, 730, NULL, NULL),
(731, NULL, 731, NULL, NULL),
(732, NULL, 732, NULL, NULL),
(733, NULL, 733, NULL, NULL),
(734, NULL, 734, NULL, NULL),
(735, NULL, 735, NULL, NULL),
(736, NULL, 736, NULL, NULL),
(737, NULL, 737, NULL, NULL),
(738, NULL, 738, NULL, NULL),
(739, NULL, 739, NULL, NULL),
(740, NULL, 740, NULL, NULL),
(741, NULL, 741, NULL, NULL),
(742, NULL, 742, NULL, NULL),
(743, NULL, 743, NULL, NULL),
(744, NULL, 744, NULL, NULL),
(745, NULL, 745, NULL, NULL),
(746, NULL, 746, NULL, NULL),
(747, NULL, 747, NULL, NULL),
(748, NULL, 748, NULL, NULL),
(749, NULL, 749, NULL, NULL),
(750, NULL, 750, NULL, NULL),
(751, NULL, 751, NULL, NULL),
(752, NULL, 752, NULL, NULL),
(753, NULL, 753, NULL, NULL),
(754, NULL, 754, NULL, NULL),
(755, NULL, 755, NULL, NULL),
(756, NULL, 756, NULL, NULL),
(757, NULL, 757, NULL, NULL),
(758, NULL, 758, NULL, NULL),
(759, NULL, 759, NULL, NULL),
(760, NULL, 760, NULL, NULL),
(761, NULL, 761, NULL, NULL),
(762, NULL, 762, NULL, NULL),
(763, NULL, 763, NULL, NULL),
(764, NULL, 764, NULL, NULL),
(765, NULL, 765, NULL, NULL),
(766, NULL, 766, NULL, NULL),
(767, NULL, 767, NULL, NULL),
(768, NULL, 768, NULL, NULL),
(769, NULL, 769, NULL, NULL),
(770, NULL, 770, NULL, NULL),
(771, NULL, 771, NULL, NULL),
(772, NULL, 772, NULL, NULL),
(773, NULL, 773, NULL, NULL),
(774, NULL, 774, NULL, NULL),
(775, NULL, 775, NULL, NULL),
(776, NULL, 776, NULL, NULL),
(777, NULL, 777, NULL, NULL),
(778, NULL, 778, NULL, NULL),
(779, NULL, 779, NULL, NULL),
(780, NULL, 780, NULL, NULL),
(781, NULL, 781, NULL, NULL),
(782, NULL, 782, NULL, NULL),
(783, NULL, 783, NULL, NULL),
(784, NULL, 784, NULL, NULL),
(785, NULL, 785, NULL, NULL),
(786, NULL, 786, NULL, NULL),
(787, NULL, 787, NULL, NULL),
(788, NULL, 788, NULL, NULL),
(789, NULL, 789, NULL, NULL),
(790, NULL, 790, NULL, NULL),
(791, NULL, 791, NULL, NULL),
(792, NULL, 792, NULL, NULL),
(793, NULL, 793, NULL, NULL),
(794, NULL, 794, NULL, NULL),
(795, NULL, 795, NULL, NULL),
(796, NULL, 796, NULL, NULL),
(797, NULL, 797, NULL, NULL),
(798, NULL, 798, NULL, NULL),
(799, NULL, 799, NULL, NULL),
(800, NULL, 800, NULL, NULL),
(801, NULL, 801, NULL, NULL),
(802, NULL, 802, NULL, NULL),
(803, NULL, 803, NULL, NULL),
(804, NULL, 804, NULL, NULL),
(805, NULL, 805, NULL, NULL),
(806, NULL, 806, NULL, NULL),
(807, NULL, 807, NULL, NULL),
(808, NULL, 808, NULL, NULL),
(809, NULL, 809, NULL, NULL),
(810, NULL, 810, NULL, NULL),
(811, NULL, 811, NULL, NULL),
(812, NULL, 812, NULL, NULL),
(813, NULL, 813, NULL, NULL),
(814, NULL, 814, NULL, NULL),
(815, NULL, 815, NULL, NULL),
(816, NULL, 816, NULL, NULL),
(817, NULL, 817, NULL, NULL),
(818, NULL, 818, NULL, NULL),
(819, NULL, 819, NULL, NULL),
(820, NULL, 820, NULL, NULL),
(821, NULL, 821, NULL, NULL),
(822, NULL, 822, NULL, NULL),
(823, NULL, 823, NULL, NULL),
(824, NULL, 824, NULL, NULL),
(825, NULL, 825, NULL, NULL),
(826, NULL, 826, NULL, NULL),
(827, NULL, 827, NULL, NULL),
(828, NULL, 828, NULL, NULL),
(829, NULL, 829, NULL, NULL),
(830, NULL, 830, NULL, NULL),
(831, NULL, 831, NULL, NULL),
(832, NULL, 832, NULL, NULL),
(833, NULL, 833, NULL, NULL),
(834, NULL, 834, NULL, NULL),
(835, NULL, 835, NULL, NULL),
(836, NULL, 836, NULL, NULL),
(837, NULL, 837, NULL, NULL),
(838, NULL, 838, NULL, NULL),
(839, NULL, 839, NULL, NULL),
(840, NULL, 840, NULL, NULL),
(841, NULL, 841, NULL, NULL),
(842, NULL, 842, NULL, NULL),
(843, NULL, 843, NULL, NULL),
(844, NULL, 844, NULL, NULL),
(845, NULL, 845, NULL, NULL),
(846, NULL, 846, NULL, NULL),
(847, NULL, 847, NULL, NULL),
(848, NULL, 848, NULL, NULL),
(849, NULL, 849, NULL, NULL),
(850, NULL, 850, NULL, NULL),
(851, NULL, 851, NULL, NULL),
(852, NULL, 852, NULL, NULL),
(853, NULL, 853, NULL, NULL),
(854, NULL, 854, NULL, NULL),
(855, NULL, 855, NULL, NULL),
(856, NULL, 856, NULL, NULL),
(857, NULL, 857, NULL, NULL),
(858, NULL, 858, NULL, NULL),
(859, NULL, 859, NULL, NULL),
(860, NULL, 860, NULL, NULL),
(861, NULL, 861, NULL, NULL),
(862, NULL, 862, NULL, NULL),
(863, NULL, 863, NULL, NULL),
(864, NULL, 864, NULL, NULL),
(865, NULL, 865, NULL, NULL),
(866, NULL, 866, NULL, NULL),
(867, NULL, 867, NULL, NULL),
(868, NULL, 868, NULL, NULL),
(869, NULL, 869, NULL, NULL),
(870, NULL, 870, NULL, NULL),
(871, NULL, 871, NULL, NULL),
(872, NULL, 872, NULL, NULL),
(873, NULL, 873, NULL, NULL),
(874, NULL, 874, NULL, NULL),
(875, NULL, 875, NULL, NULL),
(876, NULL, 876, NULL, NULL),
(877, NULL, 877, NULL, NULL),
(878, NULL, 878, NULL, NULL),
(879, NULL, 879, NULL, NULL),
(880, NULL, 880, NULL, NULL),
(881, NULL, 881, NULL, NULL),
(882, NULL, 882, NULL, NULL),
(883, NULL, 883, NULL, NULL),
(884, NULL, 884, NULL, NULL),
(885, NULL, 885, NULL, NULL),
(886, NULL, 886, NULL, NULL),
(887, NULL, 887, NULL, NULL),
(888, NULL, 888, NULL, NULL),
(889, NULL, 889, NULL, NULL),
(890, NULL, 890, NULL, NULL),
(891, NULL, 891, NULL, NULL),
(892, NULL, 892, NULL, NULL),
(893, NULL, 893, NULL, NULL),
(894, NULL, 894, NULL, NULL),
(895, NULL, 895, NULL, NULL),
(896, NULL, 896, NULL, NULL),
(897, NULL, 897, NULL, NULL),
(898, NULL, 898, NULL, NULL),
(899, NULL, 899, NULL, NULL),
(900, NULL, 900, NULL, NULL),
(901, NULL, 901, NULL, NULL),
(902, NULL, 902, NULL, NULL),
(903, NULL, 903, NULL, NULL),
(904, NULL, 904, NULL, NULL),
(905, NULL, 905, NULL, NULL),
(906, NULL, 906, NULL, NULL),
(907, NULL, 907, NULL, NULL),
(908, NULL, 908, NULL, NULL),
(909, NULL, 909, NULL, NULL),
(910, NULL, 910, NULL, NULL),
(911, NULL, 911, NULL, NULL),
(912, NULL, 912, NULL, NULL),
(913, NULL, 913, NULL, NULL),
(914, NULL, 914, NULL, NULL),
(915, NULL, 915, NULL, NULL),
(916, NULL, 916, NULL, NULL),
(917, NULL, 917, NULL, NULL),
(918, NULL, 918, NULL, NULL),
(919, NULL, 919, NULL, NULL),
(920, NULL, 920, NULL, NULL),
(921, NULL, 921, NULL, NULL),
(922, NULL, 922, NULL, NULL),
(923, NULL, 923, NULL, NULL),
(924, NULL, 924, NULL, NULL),
(925, NULL, 925, NULL, NULL),
(926, NULL, 926, NULL, NULL),
(927, NULL, 927, NULL, NULL),
(928, NULL, 928, NULL, NULL),
(929, NULL, 929, NULL, NULL),
(930, NULL, 930, NULL, NULL),
(931, NULL, 931, NULL, NULL),
(932, NULL, 932, NULL, NULL),
(933, NULL, 933, NULL, NULL),
(934, NULL, 934, NULL, NULL),
(935, NULL, 935, NULL, NULL),
(936, NULL, 936, NULL, NULL),
(937, NULL, 937, NULL, NULL),
(938, NULL, 938, NULL, NULL),
(939, NULL, 939, NULL, NULL),
(940, NULL, 940, NULL, NULL),
(941, NULL, 941, NULL, NULL),
(942, NULL, 942, NULL, NULL),
(943, NULL, 943, NULL, NULL),
(944, NULL, 944, NULL, NULL),
(945, NULL, 945, NULL, NULL),
(946, NULL, 946, NULL, NULL),
(947, NULL, 947, NULL, NULL),
(948, NULL, 948, NULL, NULL),
(949, NULL, 949, NULL, NULL),
(950, NULL, 950, NULL, NULL),
(951, NULL, 951, NULL, NULL),
(952, NULL, 952, NULL, NULL),
(953, NULL, 953, NULL, NULL),
(954, NULL, 954, NULL, NULL),
(955, NULL, 955, NULL, NULL),
(956, NULL, 956, NULL, NULL),
(957, NULL, 957, NULL, NULL),
(958, NULL, 958, NULL, NULL),
(959, NULL, 959, NULL, NULL),
(960, NULL, 960, NULL, NULL),
(961, NULL, 961, NULL, NULL),
(962, NULL, 962, NULL, NULL),
(963, NULL, 963, NULL, NULL),
(964, NULL, 964, NULL, NULL),
(965, NULL, 965, NULL, NULL),
(966, NULL, 966, NULL, NULL),
(967, NULL, 967, NULL, NULL),
(968, NULL, 968, NULL, NULL),
(969, NULL, 969, NULL, NULL),
(970, NULL, 970, NULL, NULL),
(971, NULL, 971, NULL, NULL),
(972, NULL, 972, NULL, NULL),
(973, NULL, 973, NULL, NULL),
(974, NULL, 974, NULL, NULL),
(975, NULL, 975, NULL, NULL),
(976, NULL, 976, NULL, NULL),
(977, NULL, 977, NULL, NULL),
(978, NULL, 978, NULL, NULL),
(979, NULL, 979, NULL, NULL),
(980, NULL, 980, NULL, NULL),
(981, NULL, 981, NULL, NULL),
(982, NULL, 982, NULL, NULL),
(983, NULL, 983, NULL, NULL),
(984, NULL, 984, NULL, NULL),
(985, NULL, 985, NULL, NULL),
(986, NULL, 986, NULL, NULL),
(987, NULL, 987, NULL, NULL),
(988, NULL, 988, NULL, NULL),
(989, NULL, 989, NULL, NULL),
(990, NULL, 990, NULL, NULL),
(991, NULL, 991, NULL, NULL),
(992, NULL, 992, NULL, NULL),
(993, NULL, 993, NULL, NULL),
(994, NULL, 994, NULL, NULL),
(995, NULL, 995, NULL, NULL),
(996, NULL, 996, NULL, NULL),
(997, NULL, 997, NULL, NULL),
(998, NULL, 998, NULL, NULL),
(999, NULL, 999, NULL, NULL),
(1000, NULL, 1000, NULL, NULL),
(1001, NULL, 5, '44', 99),
(1002, NULL, 13, '10,47', 73),
(1003, NULL, 13, '10', 63),
(1004, NULL, 11, '16,18,22', 105),
(1005, NULL, 12, '16,37,42', 112),
(1006, NULL, 4, '30,35,36', 71),
(1007, NULL, 12, '1,17,22,38,42', 118),
(1008, NULL, 2, '13,23,29', 52),
(1009, NULL, 4, '22', 58),
(1010, NULL, 13, '10,22,33,47', 88),
(1011, NULL, 5, '10,22,36,44', 119),
(1012, NULL, 5, '10,22,36', 93),
(1013, NULL, 13, '9,10,33,47', 88),
(1014, NULL, 6, '5,27,44', 122),
(1015, NULL, 6, '17,18,19,22,25', 139),
(1016, NULL, 6, '9,14,17,18', 119),
(1017, NULL, 4, '28', 81),
(1022, NULL, 3, '30,34', 69),
(1019, NULL, 5, '25,43,44', 112),
(1020, NULL, 5, '27,44', 105),
(1021, NULL, 13, '10,33,47', 81),
(1023, NULL, 12, '1,3,5,27,40,41', 128),
(1024, NULL, 6, '4,17,25,27,44', 141),
(1025, NULL, 5, '5,24', 83),
(1026, NULL, 6, '5,16,27,44', 132),
(1027, NULL, 14, '10,47', 79),
(1028, NULL, 4, '35', 58),
(1029, NULL, 12, '28,30', 109),
(1030, NULL, 14, '10,33,47', 87),
(1031, NULL, 12, '3', 79),
(1032, NULL, 12, '3,28', 109),
(1033, NULL, 13, '33,47', 74),
(1034, NULL, 13, '33,48', 67),
(1035, NULL, 12, '16,18,22,37,38', 127),
(1036, NULL, 12, '16,18,22,38', 102),
(1037, NULL, 4, '35,36', 64),
(1038, NULL, 12, '16,28', 112),
(1039, NULL, 12, '1,16', 102),
(1040, NULL, 12, '22', 79),
(1041, NULL, 12, '1,5,27,38', 109),
(1042, NULL, 12, '5,27,30,38', 96),
(1043, NULL, 5, '5,27,44', 110),
(1044, NULL, 6, '5,19,45', 124),
(1045, NULL, 6, '14,17', 105),
(1046, NULL, 6, '2,6', 126),
(1047, NULL, 13, '47', 66),
(1048, NULL, 5, '9,10,14,16,44', 135),
(1049, NULL, 12, '16,18,37', 114),
(1050, NULL, 12, '16,18', 89),
(1051, NULL, 12, '27,38,40', 94),
(1052, NULL, 12, '1,40', 102),
(1053, NULL, 2, '7,31', 44),
(1054, NULL, 4, '22,35', 65),
(1055, NULL, 12, '1,23', 95),
(1056, NULL, 12, '1,5,27,38,40,42', 124),
(1057, NULL, 12, '1,38', 98),
(1058, NULL, 12, '38', 78),
(1059, NULL, 14, '10,33,48', 80),
(1060, NULL, 13, '2,8,10,33', 112),
(1061, NULL, 13, '22,33,43,46,47', 99),
(1062, NULL, 13, '22,33,43,46', 89),
(1063, NULL, 5, '10,14,22,36,44', 131),
(1064, NULL, 5, '10', 80),
(1065, NULL, 5, '5,10,14,19', 121),
(1066, NULL, 5, '5,10,27', 91),
(1067, NULL, 12, '18,37,38', 110),
(1068, NULL, 12, '16,18,38', 95),
(1069, NULL, 6, '5,19,27', 120),
(1070, NULL, 5, '5,8,10,44', 114),
(1071, NULL, 13, '33,46,47', 87),
(1072, NULL, 12, '1,22,26', 104),
(1073, NULL, 12, '18,26', 84),
(1074, NULL, 11, '3,30', 95),
(1075, NULL, 12, '16,37', 107),
(1076, NULL, 12, '16,18,22', 96),
(1077, NULL, 12, '1,36', 98),
(1078, NULL, 12, '16,42', 87),
(1079, NULL, 3, '34', 62),
(1080, NULL, 6, '5,19', 114),
(1081, NULL, 5, '5,22', 85),
(1082, NULL, 12, '8,16,18,37,38', 123),
(1083, NULL, 12, '8,16,18,38', 98),
(1084, NULL, 5, '5,8,10,27,44', 120),
(1085, NULL, 5, '8,10', 83),
(1086, NULL, 13, '10,44,47', 99),
(1087, NULL, 13, '10,10', 70),
(1088, NULL, 5, '18,44', 106),
(1089, NULL, 5, '10,18', 87),
(1090, NULL, 12, '1', 92),
(1091, NULL, 6, '2,22', 130),
(1092, NULL, 6, '22,29', 96),
(1093, NULL, 13, '10,44', 89),
(1094, NULL, 6, '14,18,29,36,44', 140),
(1095, NULL, 5, '18', 80),
(1096, NULL, 6, '4,14,18,44', 138),
(1097, NULL, 5, '26,39', 83),
(1098, NULL, 5, '5,10,18,44', 118),
(1099, NULL, 6, '44', 111),
(1100, NULL, 11, '1,16,18,30,38', 131),
(1101, NULL, 12, '5,27,38,40', 99),
(1102, NULL, 14, '10,44,47', 105),
(1103, NULL, 14, '10', 69),
(1104, NULL, 12, '1,3,5,16,40', 124),
(1105, NULL, 12, '1,36,38,40', 114),
(1106, NULL, 4, '22,35,36', 71),
(1107, NULL, 1, '31', 46),
(1108, NULL, 5, '22,44', 106),
(1109, NULL, 5, '22,36', 86),
(1110, NULL, 12, '1,16,18,22,38', 122),
(1111, NULL, 11, '16,18,22,38', 111),
(1112, NULL, 2, '37', 64),
(1113, NULL, 5, '8,10,17,44', 117),
(1114, NULL, 5, '10,17', 88),
(1115, NULL, 13, '3,33,47', 81),
(1116, NULL, 5, '10,44', 106),
(1117, NULL, 13, '48', 59),
(1118, NULL, 12, '8,16,38,42', 96),
(1119, NULL, 12, '8,16,38', 91),
(1120, NULL, 1, '31,37', 71),
(1121, NULL, 3, '35,36', 70),
(1122, NULL, 12, '1,16,18,22', 116),
(1123, NULL, 2, '29', 43),
(1124, NULL, 6, '2,5,22,27', 141),
(1125, NULL, 5, '22,36,43', 91),
(1126, NULL, 11, '5,16,38,40,43', 117),
(1127, NULL, 3, '16,23,34,37', 100),
(1128, NULL, 4, '21,26', 59),
(1129, NULL, 32, '28,67,70', 106),
(1130, NULL, 32, '67', 68),
(1131, NULL, 12, '16', 82),
(1132, NULL, 6, '19', 109),
(1133, NULL, 6, '5,14', 102),
(1134, NULL, 3, '1,26', 82),
(1135, NULL, 3, '26,30,34', 74),
(1136, NULL, 3, '15,36', 71),
(1137, NULL, 3, '36', 63),
(1138, NULL, 6, '4,44', 119),
(1139, NULL, 6, '4', 93),
(1140, NULL, 30, '3,18,19,22,29,36,53', 181),
(1141, NULL, 30, '3,18,22,29', 145),
(1142, NULL, 29, '18,44', 143),
(1143, NULL, 29, '18,59', 122),
(1144, NULL, 13, '47,67', 71),
(1145, NULL, 13, '67', 61),
(1146, NULL, 12, '3,18,36,73', 130),
(1147, NULL, 12, '3,18,36,41', 100),
(1148, NULL, 12, '3,18,36', 92),
(1149, NULL, 12, '3,18,73', 124),
(1150, NULL, 1, '38,71', 57),
(1151, NULL, 1, '31,71', 53),
(1152, NULL, 32, '70,71,72', 82),
(1153, NULL, 30, '3,18,19', 158),
(1154, NULL, 13, '10,72', 67),
(1155, NULL, 29, '18', 117),
(1156, NULL, 29, '18,44,52,62', 153),
(1157, NULL, 5, '10,16,19,25,72', 126),
(1158, NULL, 5, '17,85', 85),
(1159, NULL, 51, '26', 49),
(1160, NULL, 31, '28,70,71', 114),
(1161, NULL, 32, '72', 67),
(1162, NULL, 30, '3,18,19,22,36', 171),
(1163, NULL, 30, '3,18,36', 140),
(1164, NULL, 5, '9,19,27,52,67', 119),
(1165, NULL, 13, '10,11,47,72', 82),
(1166, NULL, 29, '27,52,54,62,82', 148),
(1167, NULL, 51, '64,85', 52),
(1168, NULL, 1, '71', 51),
(1169, NULL, 30, '18,29,36,59,82', 162),
(1170, NULL, 13, '47,67,72', 75),
(1171, NULL, 13, '67,72', 65),
(1172, NULL, 33, '3,22,36,50,73,78,80', 193),
(1173, NULL, 33, '3,22,36,50,78,79', 153),
(1174, NULL, 30, '3,18,36,49', 176),
(1175, NULL, 12, '1,3,22,71', 113),
(1176, NULL, 34, '3,73,79', 156),
(1177, NULL, 12, '3,18,71', 93),
(1178, NULL, 12, '3,5,37', 109),
(1179, NULL, 12, '52', 76),
(1180, NULL, 30, '3,18', 134),
(1181, NULL, 30, '3,18,19,29,61', 165),
(1182, NULL, 33, '3,33,36,73,76,79', 184),
(1183, NULL, 31, '67,70,71', 89),
(1184, NULL, 12, '3,42,71', 91),
(1185, NULL, 1, '1,22,71', 78),
(1186, NULL, 1, '22,71', 58),
(1187, NULL, 31, '22,67,69,71,72', 100),
(1188, NULL, 31, '22,67,70,71,72', 100),
(1189, NULL, 5, '9,19,52', 108),
(1190, NULL, 5, '23,27,52', 86),
(1191, NULL, 13, '33,47,67,72', 83),
(1192, NULL, 30, '3,19,75', 156),
(1193, NULL, 30, '3,18,22,75', 146),
(1194, NULL, 51, '67', 49),
(1195, NULL, 30, '5,27,44,50,51,58,61', 184),
(1196, NULL, 30, '19,22,50,51,62', 175),
(1197, NULL, 30, '4,22,50,62', 149),
(1198, NULL, 33, '16,18,38,50,73,79', 188),
(1199, NULL, 11, '16,18,50,83', 111),
(1200, NULL, 29, '19,26,53,61', 148),
(1201, NULL, 51, '18,68,83,86', 68),
(1202, NULL, 30, '3,18,19,29,36', 168),
(1203, NULL, 30, '3,18,29,36', 144),
(1204, NULL, 6, '24,45,52', 104),
(1205, NULL, 30, '3,18,19,22,36,59', 176),
(1206, NULL, 6, '3,19,52,71', 127),
(1207, NULL, 1, '65,71', 81),
(1208, NULL, 2, '75', 44),
(1209, NULL, 29, '57,62', 122),
(1210, NULL, 29, '62', 116),
(1211, NULL, 30, '3,18,19,36,61', 167),
(1212, NULL, 52, '20,86', 57),
(1213, NULL, 6, '52', 89),
(1214, NULL, 29, '29,36,44,54', 148),
(1215, NULL, 51, '67,72', 53),
(1216, NULL, 6, '19,52', 113),
(1217, NULL, 5, '22', 80),
(1218, NULL, 1, '28,31,71', 83),
(1219, NULL, 31, '36,66,67,70,72', 96),
(1220, NULL, 31, '36,67,69,72,77', 97),
(1221, NULL, 1, '7,71', 54),
(1222, NULL, 30, '3,19,36,53,75', 168),
(1223, NULL, 30, '3,9,22,36,53,61,75', 161),
(1224, NULL, 33, '3,29,33,36,50,65,76,79', 188),
(1225, NULL, 3, '34,40', 72),
(1226, NULL, 2, '13', 45),
(1227, NULL, 12, '16,18,73', 127),
(1228, NULL, 12, '5,27', 83),
(1229, NULL, 31, '70,71', 84),
(1230, NULL, 30, '3,9,36,52,61,82', 167),
(1231, NULL, 51, '72,86', 52),
(1232, NULL, 12, '3,5,27,30', 97),
(1233, NULL, 1, '1,71', 71),
(1234, NULL, 32, '67,69,72', 80),
(1235, NULL, 33, '3,36,50,65,76,79', 176),
(1236, NULL, 30, '3,22,36,52,61,82', 167),
(1237, NULL, 13, '10,33,47,72', 85),
(1238, NULL, 1, '31,65', 76),
(1239, NULL, 2, '33,75', 52);

-- --------------------------------------------------------

--
-- Table structure for table `comments`
--

CREATE TABLE IF NOT EXISTS `comments` (
`id` smallint(6) NOT NULL,
  `page` varchar(20) NOT NULL,
  `ref_id` int(11) NOT NULL,
  `name` varchar(16) NOT NULL DEFAULT 'Guest',
  `comment` varchar(288) NOT NULL,
  `date` datetime NOT NULL DEFAULT CURRENT_TIMESTAMP,
  `active` tinyint(1) NOT NULL
) ENGINE=InnoDB  DEFAULT CHARSET=latin1 AUTO_INCREMENT=704 ;

--
-- Dumping data for table `comments`
--

INSERT INTO `comments` (`id`, `page`, `ref_id`, `name`, `comment`, `date`, `active`) VALUES
(1, 'squad.php', 33, 'Kris', 'This list is over 300.', '2015-09-30 00:00:00', 1),
(2, 'tournament.php', 29, 'Edsel62', 'Massing at Sullust Tournament', '2015-10-04 00:00:00', 1),
(4, 'squad.php', 33, 'stmack', 'Hmm anyone know what shouldn''t be there? Looks like 4 pts over.', '2015-10-06 00:00:00', 1),
(6, 'squad.php', 75, 'Raph', 'Just 1 Neb-B, oops :P', '2015-12-17 00:00:00', 1),
(18, 'squad.php', 88, 'Unknown', 'Also had Mauler', '2016-01-12 00:00:00', 1),
(26, 'tournament.php', 58, 'Keanelly', 'Top List also has a JumpMaster 5000, just couldn''t fit it in (too many unique items for MiniRanker)', '2016-02-23 00:00:00', 1),
(27, 'tournament.php', 62, 'Edsel62', 'These are all 5 fleet in order of how they finished.  The last fleet also had 1 TIE Advanced but there was no room left to enter it.', '2016-02-27 00:00:00', 1),
(32, 'tournament.php', 65, '', 'Store Championship', '2016-03-21 00:00:00', 1),
(33, 'tournament.php', 67, 'cornelius', 'it was a store championship', '2016-04-13 00:00:00', 1),
(34, 'build.php', 1013, 'Mark', 'Od2BnB http://www.y7YwKx7Pm6OnyJvolbcwrWdoEnRF29pb.com', '2016-05-11 00:00:00', 0),
(35, '', 0, '', '', '2016-05-11 00:00:00', 0),
(36, 'tournament.php', 63, 'hocasesinaz', 'http://kamagrabuy-jelly.org/ - How To Order Generic Viagra Onli <a href="http://buy-200mgcelebrex.net/">Celebrex Generic</a> http://synthroidonlinebuy.net/', '2016-05-18 00:00:00', 0),
(37, 'tournament.php', 63, 'inawixupogi', 'http://kamagrabuy-jelly.org/ - Kamagra Jelly For Sale <a href="http://buy-200mgcelebrex.net/">Celecoxib Capsules 200mg</a> http://synthroidonlinebuy.net/', '2016-05-18 00:00:00', 0),
(38, 'tournament.php', 55, 'Williampa', 'wow, awesome forum topic.Thanks Again. Really Cool. Mintor', '2016-05-22 00:00:00', 0),
(39, 'tournament.php', 64, 'cancer types and', 'I think that everything composed made a lot of sense. However, what about this? suppose you added a little information? I am not saying your content is not good., but what if you added a post title that grabbed a person''s attention? I mean %BLOG_TITLE% is a little plain. You should look ', '2016-05-30 00:00:00', 0),
(40, 'tournament.php', 64, 'Free Adds', '\r\nWhy people still use to read news papers when in this technological world the whole thing is existing on net? \r\n \r\nmy page www.ukclassads.com', '2016-05-30 00:00:00', 0),
(41, 'tournament.php', 51, 'term life insura', 'Wow that was odd. I just wrote an really long comment but after I clicked submit my comment didn''t show up. Grrrr... well I''m not writing all that over again. Anyway, just wanted to say fantastic blog!|\r\nterm life insurance estimate http://insurancelife.waw.pl/', '2016-05-31 00:00:00', 0),
(42, 'tournament.php', 64, 'life insurer', 'What''s up it''s me, I am also visiting this website regularly, this web site is actually good and the viewers are truly sharing nice thoughts.|\r\nlife insurer http://insurancelife.waw.pl/', '2016-06-01 00:00:00', 0),
(43, 'tournament.php', 61, 'Williampa', 'I really liked your article post.Really looking forward to read more. Awesome. Sofia', '2016-06-27 00:00:00', 0),
(44, 'squad.php', 55, 'Lakisha', 'That''s a skillful answer to a diuilcfft question', '2016-07-28 00:00:00', 0),
(45, '', 0, '', '', '2016-07-28 00:00:00', 0),
(46, 'build.php', 1134, 'Scout', 'Thanks for helping me to see things in a direnffet light.', '2016-07-28 00:00:00', 0),
(47, '', 0, '', '', '2016-07-28 00:00:00', 0),
(48, 'build.php', 14, 'Jalia', 'Great artceli, thank you again for writing.', '2016-07-28 00:00:00', 0),
(49, '', 0, '', '', '2016-07-28 00:00:00', 0),
(50, 'build.php', 1022, 'Laticia', 'This is a neat surmmay. Thanks for sharing!', '2016-07-28 00:00:00', 0),
(51, 'build.php', 1229, 'Blaze', 'Ppl like you get all the brnisa. I just get to say thanks for he answer.', '2016-07-28 00:00:00', 0),
(52, '', 0, '', '', '2016-07-28 00:00:00', 0),
(53, '', 0, '', '', '2016-07-28 00:00:00', 0),
(54, 'upgrade.php', 49, 'Moon', 'Supnirsirgly well-written and informative for a free online article.', '2016-07-28 00:00:00', 0),
(55, '', 0, '', '', '2016-07-28 00:00:00', 0),
(56, 'ship.php', 35, 'Suevonne', 'Such an imrsespive answer! You''ve beaten us all with that!', '2016-07-28 00:00:00', 0),
(57, '', 0, '', '', '2016-07-28 00:00:00', 0),
(58, 'build.php', 1190, 'Staysha', 'Deep thinking - adds a new disemnion to it all.', '2016-07-28 00:00:00', 0),
(59, '', 0, '', '', '2016-07-28 00:00:00', 0),
(60, 'upgrade.php', 34, 'Jaylen', 'Inrfomation is power and now I''m a !@#$ing dictator.', '2016-07-28 00:00:00', 0),
(61, '', 0, '', '', '2016-07-28 00:00:00', 0),
(62, 'build.php', 1222, 'Elric', 'What a joy to find such clear thngikni. Thanks for posting!', '2016-07-28 00:00:00', 0),
(63, '', 0, '', '', '2016-07-28 00:00:00', 0),
(64, 'build.php', 4, 'Elora', 'Now I''m like, well duh! Truly thfuaknl for your help.', '2016-07-28 00:00:00', 0),
(65, '', 0, '', '', '2016-07-28 00:00:00', 0),
(66, 'build.php', 1223, 'Jaycee', 'All things coerndised, this is a first class post', '2016-07-28 00:00:00', 0),
(67, '', 0, '', '', '2016-07-28 00:00:00', 0),
(68, 'ship.php', 23, 'Deacon', 'All of these articles have saved me a lot of hecsdahea.', '2016-07-28 00:00:00', 0),
(69, '', 0, '', '', '2016-07-28 00:00:00', 0),
(70, 'squad.php', 6, 'Malerie', 'This inrtudoces a pleasingly rational point of view.', '2016-07-28 00:00:00', 0),
(71, '', 0, '', '', '2016-07-28 00:00:00', 0),
(72, 'squad.php', 33, 'Tibbie', 'The pushraces I make are entirely based on these articles.', '2016-07-28 00:00:00', 0),
(73, '', 0, '', '', '2016-07-28 00:00:00', 0),
(74, 'build.php', 1025, 'Lakesha', 'Imiserspve brain power at work! Great answer!', '2016-07-28 00:00:00', 0),
(75, '', 0, '', '', '2016-07-28 00:00:00', 0),
(76, 'build.php', 1006, 'Joyelle', 'Lot of smarts in that pogtnis!', '2016-07-28 00:00:00', 0),
(77, '', 0, '', '', '2016-07-28 00:00:00', 0),
(78, 'squad.php', 15, 'Bubbi', 'How neat! Is it really this silpme? You make it look easy.', '2016-07-28 00:00:00', 0),
(79, '', 0, '', '', '2016-07-28 00:00:00', 0),
(80, 'tournament.php', 13, 'Laicee', 'Holy coicnse data batman. Lol!', '2016-07-28 00:00:00', 0),
(81, '', 0, '', '', '2016-07-28 00:00:00', 0),
(82, 'tournament.php', 59, 'Brandice', 'These pieces really set a standard in the intrudsy.', '2016-07-28 00:00:00', 0),
(83, '', 0, '', '', '2016-07-28 00:00:00', 0),
(84, 'squad.php', 63, 'Cindy', 'I''m quite pleased with the inomafrtion in this one. TY!', '2016-07-28 00:00:00', 0),
(85, '', 0, '', '', '2016-07-28 00:00:00', 0),
(86, 'tournament.php', 66, 'Colonel', 'And I was just woirndeng about that too!', '2016-07-28 00:00:00', 0),
(87, '', 0, '', '', '2016-07-28 00:00:00', 0),
(88, 'squad.php', 98, 'Cheyanne', 'That kind of thnnikig shows you''re on top of your game', '2016-07-28 00:00:00', 0),
(89, '', 0, '', '', '2016-07-28 00:00:00', 0),
(90, 'ship.php', 52, 'January', 'Slam dunkin like Shaquille O''Neal, if he wrote inavomftire articles.', '2016-07-28 00:00:00', 0),
(91, '', 0, '', '', '2016-07-28 00:00:00', 0),
(92, 'build.php', 1028, 'Sagi', 'Pleasing you should think of soetmhing like that', '2016-07-28 00:00:00', 0),
(93, '', 0, '', '', '2016-07-28 00:00:00', 0),
(94, 'upgrade.php', 69, 'Shirley', 'Son of a gun, this is so heplufl!', '2016-07-28 00:00:00', 0),
(95, '', 0, '', '', '2016-07-28 00:00:00', 0),
(96, 'upgrade.php', 36, 'Audel', 'Boy that relaly helps me the heck out.', '2016-07-28 00:00:00', 0),
(97, '', 0, '', '', '2016-07-28 00:00:00', 0),
(98, 'squad.php', 21, 'Idalia', 'Not bad at all fellas and gaalls. Thanks.', '2016-07-28 00:00:00', 0),
(99, '', 0, '', '', '2016-07-28 00:00:00', 0),
(100, 'squad.php', 121, 'Denisha', 'I actually found this more enanrttinieg than James Joyce.', '2016-07-28 00:00:00', 0),
(101, '', 0, '', '', '2016-07-28 00:00:00', 0),
(102, 'ship.php', 34, 'Yancy', 'We''ve ariverd at the end of the line and I have what I need!', '2016-07-28 00:00:00', 0),
(103, '', 0, '', '', '2016-07-28 00:00:00', 0),
(104, 'squad.php', 51, 'Latasha', 'Shiver me timbers, them''s some great inimooatfrn.', '2016-07-28 00:00:00', 0),
(105, '', 0, '', '', '2016-07-28 00:00:00', 0),
(106, 'build.php', 1176, 'Joyelle', 'We''ve areivrd at the end of the line and I have what I need!', '2016-07-28 00:00:00', 0),
(107, '', 0, '', '', '2016-07-28 00:00:00', 0),
(108, 'squad.php', 49, 'Taimi', 'I found just what I was needed, and it was enatterining!', '2016-07-28 00:00:00', 0),
(109, '', 0, '', '', '2016-07-28 00:00:00', 0),
(110, 'build.php', 1192, 'Keischa', 'Yeah that''s what I''m talking about ba-nb-yice work!', '2016-07-28 00:00:00', 0),
(111, '', 0, '', '', '2016-07-28 00:00:00', 0),
(112, 'build.php', 5, 'Malinda', 'What a joy to find somnoee else who thinks this way.', '2016-07-28 00:00:00', 0),
(113, '', 0, '', '', '2016-07-28 00:00:00', 0),
(114, 'squad.php', 77, 'Flossy', 'Deadly accurate answer. You''ve hit the buelleys!', '2016-07-28 00:00:00', 0),
(115, '', 0, '', '', '2016-07-28 00:00:00', 0),
(116, 'build.php', 1093, 'Roxanna', 'Your''s is a point of view where real inelneigtlce shines through.', '2016-07-28 00:00:00', 0),
(117, '', 0, '', '', '2016-07-28 00:00:00', 0),
(118, 'squad.php', 2, 'Louisa', 'I''m impressed! You''ve managed the almost imlbssiope.', '2016-07-28 00:00:00', 0),
(119, '', 0, '', '', '2016-07-28 00:00:00', 0),
(120, 'squad.php', 113, 'Amberlee', 'A piece of eruitdion unlike any other!', '2016-07-28 00:00:00', 0),
(121, '', 0, '', '', '2016-07-28 00:00:00', 0),
(122, 'squad.php', 119, 'Lavon', 'Your post is a timely cotiotbunirn to the debate', '2016-07-28 00:00:00', 0),
(123, '', 0, '', '', '2016-07-28 00:00:00', 0),
(124, 'build.php', 1091, 'Kailin', 'Thanks for that! It''s just the answer I neeedd.', '2016-07-28 00:00:00', 0),
(125, '', 0, '', '', '2016-07-28 00:00:00', 0),
(126, 'tournament.php', 68, 'Jermajesty', 'This could not polssbiy have been more helpful!', '2016-07-28 00:00:00', 0),
(127, '', 0, '', '', '2016-07-28 00:00:00', 0),
(128, 'build.php', 1020, 'Sewana', 'Thanks for incuidrtong a little rationality into this debate.', '2016-07-28 00:00:00', 0),
(129, '', 0, '', '', '2016-07-28 00:00:00', 0),
(130, 'tournament.php', 31, 'Lovie', 'I''d veutrne that this article has saved me more time than any other.', '2016-07-28 00:00:00', 0),
(131, '', 0, '', '', '2016-07-28 00:00:00', 0),
(132, 'squad.php', 18, 'Yancy', 'Your potsnig lays bare the truth', '2016-07-28 00:00:00', 0),
(133, '', 0, '', '', '2016-07-28 00:00:00', 0),
(134, 'build.php', 1209, 'Seston', 'You can always tell an expert! Thanks for cobtninutirg.', '2016-07-28 00:00:00', 0),
(135, '', 0, '', '', '2016-07-28 00:00:00', 0),
(136, 'tournament.php', 64, 'Mickey', 'Areitlcs like this just make me want to visit your website even more.', '2016-07-28 00:00:00', 0),
(137, '', 0, '', '', '2016-07-28 00:00:00', 0),
(138, 'squad.php', 122, 'Jahlin', 'Thanks guys, I just about lost it loiknog for this.', '2016-07-28 00:00:00', 0),
(139, '', 0, '', '', '2016-07-28 00:00:00', 0),
(140, 'squad.php', 39, 'Koyie', 'Stay with this guys, you''re hepling a lot of people.', '2016-07-28 00:00:00', 0),
(141, '', 0, '', '', '2016-07-28 00:00:00', 0),
(142, 'squad.php', 105, 'Lyndall', 'You''ve got to be kidding me-it''s so traanpnrestly clear now!', '2016-07-28 00:00:00', 0),
(143, '', 0, '', '', '2016-07-28 00:00:00', 0),
(144, 'squad.php', 93, 'Gloriana', 'That''s an ingtnlieelt answer to a difficult question xxx', '2016-07-28 00:00:00', 0),
(145, '', 0, '', '', '2016-07-28 00:00:00', 0),
(146, 'squad.php', 42, 'Janaya', 'You''ve imrsepsed us all with that posting!', '2016-07-28 00:00:00', 0),
(147, '', 0, '', '', '2016-07-28 00:00:00', 0),
(148, 'build.php', 9, 'Keshawn', 'Yup, that''ll do it. You have my apericpation.', '2016-07-28 00:00:00', 0),
(149, '', 0, '', '', '2016-07-28 00:00:00', 0),
(150, 'upgrade.php', 26, 'Justis', 'A simple and inilnetgelt point, well made. Thanks!', '2016-07-28 00:00:00', 0),
(151, '', 0, '', '', '2016-07-28 00:00:00', 0),
(152, 'upgrade.php', 1, 'Helene', 'The voice of raaolntiity! Good to hear from you.', '2016-07-28 00:00:00', 0),
(153, '', 0, '', '', '2016-07-28 00:00:00', 0),
(154, 'upgrade.php', 10, 'Meadow', 'BION I''m imespsred! Cool post!', '2016-07-28 00:00:00', 0),
(155, '', 0, '', '', '2016-07-28 00:00:00', 0),
(156, 'ship.php', 3, 'Susannah', 'Normally I''m against killing but this article slerahteugd my ignorance.', '2016-07-28 00:00:00', 0),
(157, '', 0, '', '', '2016-07-28 00:00:00', 0),
(158, 'upgrade.php', 2, 'Kaleigh', 'You get a lot of respect from me for writing these helpful arctiles.', '2016-07-28 00:00:00', 0),
(159, '', 0, '', '', '2016-07-28 00:00:00', 0),
(160, 'tournament.php', 65, 'Deliverance', 'Phnnemoeal breakdown of the topic, you should write for me too!', '2016-07-28 00:00:00', 0),
(161, '', 0, '', '', '2016-07-28 00:00:00', 0),
(162, 'ship.php', 39, 'Sagar', 'It''s good to see someone thinikng it through.', '2016-07-28 00:00:00', 0),
(163, '', 0, '', '', '2016-07-28 00:00:00', 0),
(164, 'ship.php', 10, 'Lainey', 'I guess finding useful, reliable inmaofotirn on the internet isn''t hopeless after all.', '2016-07-28 00:00:00', 0),
(165, '', 0, '', '', '2016-07-28 00:00:00', 0),
(166, 'tournament.php', 62, 'Issy', 'If intomrafion were soccer, this would be a goooooal!', '2016-07-28 00:00:00', 0),
(167, '', 0, '', '', '2016-07-28 00:00:00', 0),
(168, 'squad.php', 27, 'Digger', 'If my problem was a Death Star, this article is a photon todoerp.', '2016-07-28 00:00:00', 0),
(169, '', 0, '', '', '2016-07-28 00:00:00', 0),
(170, 'build.php', 1170, 'Zyah', 'That''s an expert answer to an intiserteng question', '2016-07-28 00:00:00', 0),
(171, '', 0, '', '', '2016-07-28 00:00:00', 0),
(172, 'build.php', 1005, 'Luella', 'If you wrote an article about life we''d all reach enmtlhtengeni.', '2016-07-28 00:00:00', 0),
(173, '', 0, '', '', '2016-07-28 00:00:00', 0),
(174, 'tournament.php', 67, 'Cannon', 'I can''t beelive I''ve been going for years without knowing that.', '2016-07-28 00:00:00', 0),
(175, '', 0, '', '', '2016-07-28 00:00:00', 0),
(176, 'squad.php', 43, 'Luck', 'It''s always a relief when someone with obvious exrtiepse answers. Thanks!', '2016-07-28 00:00:00', 0),
(177, '', 0, '', '', '2016-07-28 00:00:00', 0),
(178, 'tournament.php', 63, 'Jayna', 'Superb iniormatfon here, ol''e chap; keep burning the midnight oil.', '2016-07-28 00:00:00', 0),
(179, '', 0, '', '', '2016-07-28 00:00:00', 0),
(180, 'build.php', 1142, 'Jeanne', 'Deep thought! Thanks for coitrnbuting.', '2016-07-28 00:00:00', 0),
(181, '', 0, '', '', '2016-07-28 00:00:00', 0),
(182, 'build.php', 1024, 'Gracye', 'Created the greatest arelicts, you have.', '2016-07-28 00:00:00', 0),
(183, '', 0, '', '', '2016-07-28 00:00:00', 0),
(184, 'build.php', 1177, 'Irais', 'These pieces really set a standard in the inrdytus.', '2016-07-28 00:00:00', 0),
(185, '', 0, '', '', '2016-07-28 00:00:00', 0),
(186, 'upgrade.php', 7, 'Carlye', 'You''ve impssered us all with that posting!', '2016-07-28 00:00:00', 0),
(187, '', 0, '', '', '2016-07-28 00:00:00', 0),
(188, 'upgrade.php', 39, 'Stew', 'What I find so inrsteeting is you could never find this anywhere else.', '2016-07-28 00:00:00', 0),
(189, '', 0, '', '', '2016-07-28 00:00:00', 0),
(190, 'squad.php', 110, 'Cannon', 'Impsersive brain power at work! Great answer!', '2016-07-28 00:00:00', 0),
(191, '', 0, '', '', '2016-07-28 00:00:00', 0),
(192, 'build.php', 1036, 'Dina', 'Arcleits like this make life so much simpler.', '2016-07-28 00:00:00', 0),
(193, '', 0, '', '', '2016-07-28 00:00:00', 0),
(194, 'squad.php', 99, 'Jonnie', 'If intmorafion were soccer, this would be a goooooal!', '2016-07-28 00:00:00', 0),
(195, '', 0, '', '', '2016-07-28 00:00:00', 0),
(196, 'tournament.php', 56, 'Lynda', 'It''s a real pleurase to find someone who can think like that', '2016-07-28 00:00:00', 0),
(197, '', 0, '', '', '2016-07-28 00:00:00', 0),
(198, 'build.php', 1130, 'Dorie', 'Check that off the list of things I was cofnsued about.', '2016-07-28 00:00:00', 0),
(199, '', 0, '', '', '2016-07-28 00:00:00', 0),
(200, 'upgrade.php', 63, 'Steffie', 'What a plrausee to find someone who thinks through the issues', '2016-07-28 00:00:00', 0),
(201, '', 0, '', '', '2016-07-28 00:00:00', 0),
(202, 'tournament.php', 61, 'Adiana', 'Aprlneptay this is what the esteemed Willis was talkin'' ''bout.', '2016-07-28 00:00:00', 0),
(203, '', 0, '', '', '2016-07-28 00:00:00', 0),
(204, 'build.php', 1132, 'Liliam', 'I could read a book about this without finding such real-world apoahrcpes!', '2016-07-28 00:00:00', 0),
(205, '', 0, '', '', '2016-07-28 00:00:00', 0),
(206, 'squad.php', 1, 'Satchel', 'You''ve got to be kidding me-it''s so trennparastly clear now!', '2016-07-28 00:00:00', 0),
(207, '', 0, '', '', '2016-07-28 00:00:00', 0),
(208, 'upgrade.php', 43, 'Jailen', 'That''s a subtle way of thkniing about it.', '2016-07-28 00:00:00', 0),
(209, '', 0, '', '', '2016-07-28 00:00:00', 0),
(210, 'squad.php', 78, 'Trisha', 'I went to tons of links before this, what was I thniikng?', '2016-07-28 00:00:00', 0),
(211, '', 0, '', '', '2016-07-28 00:00:00', 0),
(212, 'build.php', 1017, 'Lakesha', 'The abitliy to think like that is always a joy to behold', '2016-07-28 00:00:00', 0),
(213, '', 0, '', '', '2016-07-28 00:00:00', 0),
(214, 'upgrade.php', 77, 'Lavigne', 'I read your poistng and was jealous', '2016-07-28 00:00:00', 0),
(215, '', 0, '', '', '2016-07-28 00:00:00', 0),
(216, 'ship.php', 17, 'Kailee', 'I suosppe that sounds and smells just about right.', '2016-07-28 00:00:00', 0),
(217, '', 0, '', '', '2016-07-28 00:00:00', 0),
(218, 'squad.php', 25, 'Andi', 'That''s way more clever than I was excegtinp. Thanks!', '2016-07-28 00:00:00', 0),
(219, '', 0, '', '', '2016-07-28 00:00:00', 0),
(220, 'build.php', 1225, 'Keischa', 'Yup, that shluod defo do the trick!', '2016-07-28 00:00:00', 0),
(221, '', 0, '', '', '2016-07-28 00:00:00', 0),
(222, 'build.php', 24, 'Egypt', 'Good point. I hadn''t thughot about it quite that way. :)', '2016-07-28 00:00:00', 0),
(223, '', 0, '', '', '2016-07-28 00:00:00', 0),
(224, 'upgrade.php', 25, 'Almena', 'I am forever indebted to you for this inrtomaoifn.', '2016-07-28 00:00:00', 0),
(225, '', 0, '', '', '2016-07-28 00:00:00', 0),
(226, 'squad.php', 13, 'Daveigh', 'Time to face the music armed with this great innfimatroo.', '2016-07-28 00:00:00', 0),
(227, '', 0, '', '', '2016-07-28 00:00:00', 0),
(228, 'squad.php', 67, 'Nook', 'I found just what I was needed, and it was enientatring!', '2016-07-28 00:00:00', 0),
(229, '', 0, '', '', '2016-07-28 00:00:00', 0),
(230, 'build.php', 25, 'Raynes', 'Very valid, pithy, sucnicct, and on point. WD.', '2016-07-28 00:00:00', 0),
(231, '', 0, '', '', '2016-07-28 00:00:00', 0),
(232, 'upgrade.php', 33, 'Makalah', 'You keep it up now, undtsreand? Really good to know.', '2016-07-28 00:00:00', 0),
(233, '', 0, '', '', '2016-07-28 00:00:00', 0),
(234, 'build.php', 8, 'Vina', 'Three''s nothing like the relief of finding what you''re looking for.', '2016-07-28 00:00:00', 0),
(235, '', 0, '', '', '2016-07-28 00:00:00', 0),
(236, 'squad.php', 8, 'Jaylynn', 'Felt so hopeless looking for answers to my quei.sons.t.until now.', '2016-07-28 00:00:00', 0),
(237, '', 0, '', '', '2016-07-28 00:00:00', 0),
(238, 'upgrade.php', 29, 'Kayli', 'Wow, your post makes mine look feeelb. More power to you!', '2016-07-28 00:00:00', 0),
(239, '', 0, '', '', '2016-07-28 00:00:00', 0),
(240, 'build.php', 1201, 'Viney', 'Absolutely first rate and cobdpr-eottomep, gentlemen!', '2016-07-28 00:00:00', 0),
(241, '', 0, '', '', '2016-07-28 00:00:00', 0),
(242, 'upgrade.php', 76, 'Bryson', 'Well done to think of soeithmng like that', '2016-07-28 00:00:00', 0),
(243, '', 0, '', '', '2016-07-28 00:00:00', 0),
(244, 'squad.php', 32, 'Ranessa', 'If I were a Teenage Mutant Ninja Turtle, now I''d say "Kgwnbuaoa, dude!"', '2016-07-28 00:00:00', 0),
(245, '', 0, '', '', '2016-07-28 00:00:00', 0),
(246, 'build.php', 1212, 'Dillanger', 'Mighty useful. Make no mistake, I apiecrpate it.', '2016-07-28 00:00:00', 0),
(247, '', 0, '', '', '2016-07-28 00:00:00', 0),
(248, 'build.php', 1061, 'Connie', 'Right ont-his helped me sort things right out.', '2016-07-28 00:00:00', 0),
(249, '', 0, '', '', '2016-07-28 00:00:00', 0),
(250, 'build.php', 1173, 'Kalyn', 'I am forever indebted to you for this inaromftion.', '2016-07-28 00:00:00', 0),
(251, '', 0, '', '', '2016-07-28 00:00:00', 0),
(252, 'squad.php', 108, 'Jaelyn', 'Gee wilkrleis, that''s such a great post!', '2016-07-28 00:00:00', 0),
(253, '', 0, '', '', '2016-07-28 00:00:00', 0),
(254, 'build.php', 1230, 'Kristanna', 'Thank you so much for this arecilt, it saved me time!', '2016-07-28 00:00:00', 0),
(255, '', 0, '', '', '2016-07-28 00:00:00', 0),
(256, 'squad.php', 31, 'Bobbi', 'What libriateng knowledge. Give me liberty or give me death.', '2016-07-28 00:00:00', 0),
(257, '', 0, '', '', '2016-07-28 00:00:00', 0),
(258, 'upgrade.php', 67, 'Wimpy', 'A few years ago I''d have to pay someone for this inmnfratioo.', '2016-07-28 00:00:00', 0),
(259, '', 0, '', '', '2016-07-28 00:00:00', 0),
(260, 'squad.php', 74, 'Dernell', 'That''s a smart way of lokniog at the world.', '2016-07-28 00:00:00', 0),
(261, '', 0, '', '', '2016-07-28 00:00:00', 0),
(262, 'build.php', 1049, 'Stafon', 'If my problem was a Death Star, this article is a photon toeordp.', '2016-07-28 00:00:00', 0),
(263, '', 0, '', '', '2016-07-28 00:00:00', 0),
(264, 'squad.php', 81, 'Julissa', 'Your posting really stneeghtarid me out. Thanks!', '2016-07-28 00:00:00', 0),
(265, '', 0, '', '', '2016-07-28 00:00:00', 0),
(266, 'upgrade.php', 15, 'Nelle', 'Aretilcs like this just make me want to visit your website even more.', '2016-07-28 00:00:00', 0),
(267, '', 0, '', '', '2016-07-28 00:00:00', 0),
(268, 'squad.php', 114, 'Nikki', 'It''s great to find soenmoe so on the ball', '2016-07-28 00:00:00', 0),
(269, '', 0, '', '', '2016-07-28 00:00:00', 0),
(270, 'build.php', 22, 'Theresa', 'If I were a Teenage Mutant Ninja Turtle, now I''d say "Kabowunga, dude!"', '2016-07-28 00:00:00', 0),
(271, '', 0, '', '', '2016-07-28 00:00:00', 0),
(272, 'squad.php', 117, 'Dolly', 'I''m not quite sure how to say this; you made it exelrmety easy for me!', '2016-07-28 00:00:00', 0),
(273, '', 0, '', '', '2016-07-28 00:00:00', 0),
(274, 'build.php', 1112, 'Andralyn', 'All of these articles have saved me a lot of hehadcaes.', '2016-07-28 00:00:00', 0),
(275, '', 0, '', '', '2016-07-28 00:00:00', 0),
(276, 'build.php', 1040, 'Alexavia', 'That''s a subtle way of thninkig about it.', '2016-07-28 00:00:00', 0),
(277, '', 0, '', '', '2016-07-28 00:00:00', 0),
(278, 'build.php', 1026, 'Irene', 'Your cranium must be prtntceiog some very valuable brains.', '2016-07-28 00:00:00', 0),
(279, '', 0, '', '', '2016-07-28 00:00:00', 0),
(280, 'ship.php', 43, 'Medford', 'It''s a pleasure to find such rainoialtty in an answer. Welcome to the debate.', '2016-07-28 00:00:00', 0),
(281, '', 0, '', '', '2016-07-28 00:00:00', 0),
(282, 'build.php', 1178, 'Brandy', 'HHIS I should have thhogut of that!', '2016-07-28 00:00:00', 0),
(283, '', 0, '', '', '2016-07-28 00:00:00', 0),
(284, 'upgrade.php', 82, 'Bobbie', 'Finindg this post solves a problem for me. Thanks!', '2016-07-28 00:00:00', 0),
(285, '', 0, '', '', '2016-07-28 00:00:00', 0),
(286, 'squad.php', 9, 'Agatha', 'I think you hit a busellye there fellas!', '2016-07-28 00:00:00', 0),
(287, '', 0, '', '', '2016-07-28 00:00:00', 0),
(288, 'ship.php', 50, 'Micheal', 'I read your post and wisehd I was good enough to write it', '2016-07-28 00:00:00', 0),
(289, '', 0, '', '', '2016-07-28 00:00:00', 0),
(290, 'tournament.php', 32, 'Gina', 'Now that''s sutelb! Great to hear from you.', '2016-07-28 00:00:00', 0),
(291, '', 0, '', '', '2016-07-28 00:00:00', 0),
(292, 'squad.php', 45, 'Kailan', 'That''s an inventive answer to an inensertitg question', '2016-07-28 00:00:00', 0),
(293, '', 0, '', '', '2016-07-28 00:00:00', 0),
(294, 'upgrade.php', 14, 'Deliverance', 'What a great reucsroe this text is.', '2016-07-28 00:00:00', 0),
(295, '', 0, '', '', '2016-07-28 00:00:00', 0),
(296, 'squad.php', 85, 'Channery', 'The exrpitese shines through. Thanks for taking the time to answer.', '2016-07-28 00:00:00', 0),
(297, '', 0, '', '', '2016-07-28 00:00:00', 0),
(298, 'squad.php', 112, 'Lyddy', 'I''m so glad I found my solioutn online.', '2016-07-28 00:00:00', 0),
(299, '', 0, '', '', '2016-07-28 00:00:00', 0),
(300, 'squad.php', 80, 'Hines', 'As Charlie Sheen says, this article is "WII!NNGN"', '2016-07-28 00:00:00', 0),
(301, '', 0, '', '', '2016-07-28 00:00:00', 0),
(302, 'build.php', 28, 'Buckie', 'That''s a smart way of loiokng at the world.', '2016-07-28 00:00:00', 0),
(303, '', 0, '', '', '2016-07-28 00:00:00', 0),
(304, 'ship.php', 15, 'Misty', 'This is just the pecefrt answer for all of us', '2016-07-28 00:00:00', 0),
(305, '', 0, '', '', '2016-07-28 00:00:00', 0),
(306, 'build.php', 50, 'Nollie', 'Arlcties like this are an example of quick, helpful answers.', '2016-07-28 00:00:00', 0),
(307, '', 0, '', '', '2016-07-28 00:00:00', 0),
(308, 'ship.php', 27, 'Frenchie', 'Such an imsvispere answer! You''ve beaten us all with that!', '2016-07-28 00:00:00', 0),
(309, '', 0, '', '', '2016-07-28 00:00:00', 0),
(310, 'build.php', 1200, 'Amory', 'Good job mainkg it appear easy.', '2016-07-28 00:00:00', 0),
(311, '', 0, '', '', '2016-07-28 00:00:00', 0),
(312, 'upgrade.php', 58, 'Janet', 'Wow! Great to find a post knoickng my socks off!', '2016-07-28 00:00:00', 0),
(313, '', 0, '', '', '2016-07-28 00:00:00', 0),
(314, 'upgrade.php', 55, 'Seston', 'Please keep thrniwog these posts up they help tons.', '2016-07-28 00:00:00', 0),
(315, '', 0, '', '', '2016-07-28 00:00:00', 0),
(316, 'squad.php', 111, 'Snow', 'That''s a shrewd answer to a tricky queotisn', '2016-07-28 00:00:00', 0),
(317, '', 0, '', '', '2016-07-28 00:00:00', 0),
(318, 'upgrade.php', 6, 'Janess', 'That''s a shrewd answer to a tricky qutsieon', '2016-07-28 00:00:00', 0),
(319, '', 0, '', '', '2016-07-28 00:00:00', 0),
(320, 'build.php', 1171, 'Makalah', 'Always a good job right here. Keep rolling on thhogur.', '2016-07-28 00:00:00', 0),
(321, '', 0, '', '', '2016-07-28 00:00:00', 0),
(322, 'build.php', 13, 'Lexus', 'What a neat aretcli. I had no inkling.', '2016-07-28 00:00:00', 0),
(323, '', 0, '', '', '2016-07-28 00:00:00', 0),
(324, 'ship.php', 28, 'Ival', 'I read your post and wished I''d wrttien it', '2016-07-28 00:00:00', 0),
(325, '', 0, '', '', '2016-07-28 00:00:00', 0),
(326, 'build.php', 1156, 'Latasha', 'Good to see a talnet at work. I can''t match that.', '2016-07-28 00:00:00', 0),
(327, '', 0, '', '', '2016-07-28 00:00:00', 0),
(328, 'build.php', 1131, 'Deandre', 'What a great resrouce this text is.', '2016-07-28 00:00:00', 0),
(329, '', 0, '', '', '2016-07-28 00:00:00', 0),
(330, 'build.php', 26, 'Will', 'Wow! Great to find a post knkciong my socks off!', '2016-07-28 00:00:00', 0),
(331, 'build.php', 49, 'Nonie', 'I aptprciaee you taking to time to contribute That''s very helpful.', '2016-07-28 00:00:00', 0),
(332, '', 0, '', '', '2016-07-28 00:00:00', 0),
(333, '', 0, '', '', '2016-07-28 00:00:00', 0),
(334, 'tournament.php', 41, 'Stormy', 'In awe of that anwesr! Really cool!', '2016-07-28 00:00:00', 0),
(335, '', 0, '', '', '2016-07-28 00:00:00', 0),
(336, 'build.php', 1137, 'Independence', 'That really caerutps the spirit of it. Thanks for posting.', '2016-07-28 00:00:00', 0),
(337, 'squad.php', 95, 'Deon', 'Damn, I wish I could think of soiethmng smart like that!', '2016-07-28 00:00:00', 0),
(338, '', 0, '', '', '2016-07-28 00:00:00', 0),
(339, '', 0, '', '', '2016-07-28 00:00:00', 0),
(340, 'upgrade.php', 81, 'Emily', 'Thank you so much for this arelict, it saved me time!', '2016-07-28 00:00:00', 0),
(341, '', 0, '', '', '2016-07-28 00:00:00', 0),
(342, 'build.php', 1019, 'Roby', 'This has made my day. I wish all pogisnts were this good.', '2016-07-28 00:00:00', 0),
(343, '', 0, '', '', '2016-07-28 00:00:00', 0),
(344, 'upgrade.php', 47, 'Jayna', 'It''s a real pluseare to find someone who can think like that', '2016-07-28 00:00:00', 0),
(345, '', 0, '', '', '2016-07-28 00:00:00', 0),
(346, 'build.php', 23, 'Kaylynn', 'It''s a relief to find sonoeme who can explain things so well', '2016-07-28 00:00:00', 0),
(347, '', 0, '', '', '2016-07-28 00:00:00', 0),
(348, 'build.php', 1238, 'Jorja', 'Your cranium must be prcenotitg some very valuable brains.', '2016-07-28 00:00:00', 0),
(349, '', 0, '', '', '2016-07-28 00:00:00', 0),
(350, 'build.php', 1172, 'Jayhawk', 'That''s a nicely made answer to a chaniengllg question', '2016-07-28 00:00:00', 0),
(351, '', 0, '', '', '2016-07-28 00:00:00', 0),
(352, 'build.php', 1047, 'Azia', 'It''s a pleasure to find such ralotnaiity in an answer. Welcome to the debate.', '2016-07-28 00:00:00', 0),
(353, '', 0, '', '', '2016-07-28 00:00:00', 0),
(354, 'upgrade.php', 79, 'Chamomile', 'Thought it wod''nult to give it a shot. I was right.', '2016-07-28 00:00:00', 0),
(355, '', 0, '', '', '2016-07-28 00:00:00', 0),
(356, 'build.php', 46, 'Kaylynn', 'IMHO you''ve got the right ansewr!', '2016-07-28 00:00:00', 0),
(357, '', 0, '', '', '2016-07-28 00:00:00', 0),
(358, 'build.php', 1194, 'Jera', 'I watned to spend a minute to thank you for this.', '2016-07-28 00:00:00', 0),
(359, '', 0, '', '', '2016-07-28 00:00:00', 0),
(360, 'build.php', 1233, 'Betty', 'I can''t hear annhtiyg over the sound of how awesome this article is.', '2016-07-28 00:00:00', 0),
(361, '', 0, '', '', '2016-07-28 00:00:00', 0),
(362, 'tournament.php', 51, 'Shermaine', 'Heck yeah this is extclay what I needed.', '2016-07-28 00:00:00', 0),
(363, 'squad.php', 109, 'Gerri', 'Always the best content from these prgoodiius writers.', '2016-07-28 00:00:00', 0),
(364, '', 0, '', '', '2016-07-28 00:00:00', 0),
(365, '', 0, '', '', '2016-07-28 00:00:00', 0),
(366, 'ship.php', 25, 'Agatha', 'I like to party, not look artclies up online. You made it happen.', '2016-07-28 00:00:00', 0),
(367, '', 0, '', '', '2016-07-28 00:00:00', 0),
(368, 'tournament.php', 10, 'Fleta', 'A piece of ertiduion unlike any other!', '2016-07-28 00:00:00', 0),
(369, '', 0, '', '', '2016-07-28 00:00:00', 0),
(370, 'build.php', 1175, 'Easter', 'Your post captures the issue pertfcely!', '2016-07-28 00:00:00', 0),
(371, '', 0, '', '', '2016-07-28 00:00:00', 0),
(372, 'build.php', 20, 'Jodie', 'Inlecligente and simplicity - easy to understand how you think.', '2016-07-28 00:00:00', 0),
(373, '', 0, '', '', '2016-07-28 00:00:00', 0),
(374, 'build.php', 1180, 'King', 'Oh yeah, falbouus stuff there you!', '2016-07-28 00:00:00', 0),
(375, '', 0, '', '', '2016-07-28 00:00:00', 0),
(376, 'build.php', 1211, 'Adiana', 'Great hammer of Thor, that is polefrulwy helpful!', '2016-07-28 00:00:00', 0),
(377, '', 0, '', '', '2016-07-28 00:00:00', 0),
(378, 'build.php', 1184, 'Sherry', 'I was looking evywerhere and this popped up like nothing!', '2016-07-28 00:00:00', 0),
(379, '', 0, '', '', '2016-07-28 00:00:00', 0),
(380, 'upgrade.php', 30, 'Olivia', 'Yo, good looikn out! Gonna make it work now.', '2016-07-28 00:00:00', 0),
(381, '', 0, '', '', '2016-07-28 00:00:00', 0),
(382, 'tournament.php', 17, 'Kristanna', 'And to think I was going to talk to soonmee in person about this.', '2016-07-28 00:00:00', 0),
(383, '', 0, '', '', '2016-07-28 00:00:00', 0),
(384, 'squad.php', 123, 'Cassandra', 'Yeah, that''s the ticekt, sir or ma''am', '2016-07-28 00:00:00', 0),
(385, '', 0, '', '', '2016-07-28 00:00:00', 0),
(386, 'squad.php', 96, 'Theresa', 'I actually found this more ennentaitirg than James Joyce.', '2016-07-28 00:00:00', 0),
(387, '', 0, '', '', '2016-07-28 00:00:00', 0),
(388, 'build.php', 1081, 'Kert', 'Ecomnoies are in dire straits, but I can count on this!', '2016-07-28 00:00:00', 0),
(389, '', 0, '', '', '2016-07-28 00:00:00', 0),
(390, 'squad.php', 10, 'Disney', 'Cool! That''s a clever way of lonokig at it!', '2016-07-28 00:00:00', 0),
(391, '', 0, '', '', '2016-07-28 00:00:00', 0),
(392, 'build.php', 1052, 'Ella', 'That''s the best answer by far! Thanks for couitibntrng.', '2016-07-28 00:00:00', 0),
(393, '', 0, '', '', '2016-07-28 00:00:00', 0),
(394, 'build.php', 1144, 'Cordelia', 'You''ve got it in one. Coldnu''t have put it better.', '2016-07-28 00:00:00', 0),
(395, '', 0, '', '', '2016-07-28 00:00:00', 0),
(396, 'upgrade.php', 22, 'Almena', 'Very true! Makes a change to see soeonme spell it out like that. :)', '2016-07-28 00:00:00', 0),
(397, '', 0, '', '', '2016-07-28 00:00:00', 0),
(398, 'build.php', 1204, 'Rangler', 'That''s a shrewd answer to a tricky quisoetn', '2016-07-28 00:00:00', 0),
(399, '', 0, '', '', '2016-07-28 00:00:00', 0),
(400, 'build.php', 1206, 'Krisalyn', 'If time is money you''ve made me a weilhtaer woman.', '2016-07-28 00:00:00', 0),
(401, '', 0, '', '', '2016-07-28 00:00:00', 0),
(402, 'squad.php', 16, 'Kevrell', 'Thanks for inridouctng a little rationality into this debate.', '2016-07-28 00:00:00', 0),
(403, '', 0, '', '', '2016-07-28 00:00:00', 0),
(404, 'upgrade.php', 4, 'Keydrick', 'Your post is a timely cotoribunitn to the debate', '2016-07-28 00:00:00', 0),
(405, '', 0, '', '', '2016-07-28 00:00:00', 0),
(406, 'tournament.php', 54, 'Rita', 'Not bad at all fellas and gaslla. Thanks.', '2016-07-28 00:00:00', 0),
(407, '', 0, '', '', '2016-07-28 00:00:00', 0),
(408, 'build.php', 1168, 'Melloney', 'You''re the grtasete! JMHO', '2016-07-28 00:00:00', 0),
(409, '', 0, '', '', '2016-07-28 00:00:00', 0),
(410, 'ship.php', 42, 'Lynsey', 'Always the best content from these pridogoius writers.', '2016-07-28 00:00:00', 0),
(411, '', 0, '', '', '2016-07-28 00:00:00', 0),
(412, 'build.php', 44, 'Marsue', 'I had no idea how to approach this be-erofnow I''m locked and loaded.', '2016-07-28 00:00:00', 0),
(413, '', 0, '', '', '2016-07-28 00:00:00', 0),
(414, 'squad.php', 19, 'Cordelia', 'That insight solves the prbolem. Thanks!', '2016-07-28 00:00:00', 0),
(415, '', 0, '', '', '2016-07-28 00:00:00', 0),
(416, 'build.php', 52, 'Jacklynn', 'This webitse makes things hella easy.', '2016-07-28 00:00:00', 0),
(417, '', 0, '', '', '2016-07-28 00:00:00', 0),
(418, 'build.php', 1232, 'Butterfly', 'That''s the thinikng of a creative mind', '2016-07-28 00:00:00', 0),
(419, '', 0, '', '', '2016-07-28 00:00:00', 0),
(420, 'tournament.php', 6, 'Cherry', 'You''re on top of the game. Thanks for shinrag.', '2016-07-28 00:00:00', 0),
(421, '', 0, '', '', '2016-07-28 00:00:00', 0),
(422, 'build.php', 1226, 'Jaylyn', 'Do you have more great arlcites like this one?', '2016-07-28 00:00:00', 0),
(423, '', 0, '', '', '2016-07-28 00:00:00', 0),
(424, 'upgrade.php', 31, 'Leidy', 'That insight solves the prbmleo. Thanks!', '2016-07-28 00:00:00', 0),
(425, '', 0, '', '', '2016-07-28 00:00:00', 0),
(426, 'build.php', 1140, 'Christiana', 'God, I feel like I sholud be takin notes! Great work', '2016-07-28 00:00:00', 0),
(427, '', 0, '', '', '2016-07-28 00:00:00', 0),
(428, 'build.php', 1021, 'Starly', 'Right oniht-s helped me sort things right out.', '2016-07-28 00:00:00', 0),
(429, '', 0, '', '', '2016-07-28 00:00:00', 0),
(430, 'squad.php', 29, 'Malinda', 'Life is short, and this article saved valauble time on this Earth.', '2016-07-28 00:00:00', 0),
(431, '', 0, '', '', '2016-07-28 00:00:00', 0),
(432, 'squad.php', 12, 'Flip', 'Wham bam thank you, ma''am, my quniostes are answered!', '2016-07-28 00:00:00', 0),
(433, '', 0, '', '', '2016-07-28 00:00:00', 0),
(434, 'ship.php', 12, 'Destry', 'Wow, this is in every resepct what I needed to know.', '2016-07-28 00:00:00', 0),
(435, 'build.php', 1114, 'Lavar', 'Thnaks for taking the time to post. It''s lifted the level of debate', '2016-07-28 00:00:00', 0),
(436, '', 0, '', '', '2016-07-28 00:00:00', 0),
(437, 'ship.php', 4, 'Karik', 'One or two to rebermem, that is.', '2016-07-28 00:00:00', 0),
(438, '', 0, '', '', '2016-07-28 00:00:00', 0),
(439, '', 0, '', '', '2016-07-28 00:00:00', 0),
(440, 'ship.php', 47, 'Patience', 'Could you write about Phscyis so I can pass Science class?', '2016-07-28 00:00:00', 0),
(441, '', 0, '', '', '2016-07-28 00:00:00', 0),
(442, 'build.php', 1039, 'Tessie', 'What a plsauere to find someone who thinks through the issues', '2016-07-28 00:00:00', 0),
(443, '', 0, '', '', '2016-07-28 00:00:00', 0),
(444, 'upgrade.php', 37, 'Topher', 'In awe of that anwers! Really cool!', '2016-07-28 00:00:00', 0),
(445, 'ship.php', 33, 'India', 'Normally I''m against killing but this article slatehuergd my ignorance.', '2016-07-28 00:00:00', 0),
(446, '', 0, '', '', '2016-07-28 00:00:00', 0),
(447, 'build.php', 1237, 'Marel', 'Always the best content from these prdiugioos writers.', '2016-07-28 00:00:00', 0),
(448, '', 0, '', '', '2016-07-28 00:00:00', 0),
(449, '', 0, '', '', '2016-07-28 00:00:00', 0),
(450, 'squad.php', 73, 'Wilma', 'We deinfitely need more smart people like you around.', '2016-07-28 00:00:00', 0),
(451, '', 0, '', '', '2016-07-28 00:00:00', 0),
(452, 'build.php', 1082, 'Jaxon', 'IMHO you''ve got the right anrwse!', '2016-07-28 00:00:00', 0),
(453, '', 0, '', '', '2016-07-28 00:00:00', 0),
(454, 'build.php', 1042, 'Lavigne', 'That''s an ingeinous way of thinking about it.', '2016-07-28 00:00:00', 0),
(455, '', 0, '', '', '2016-07-28 00:00:00', 0),
(456, 'build.php', 1116, 'Heidi', 'My prlebom was a wall until I read this, then I smashed it.', '2016-07-28 00:00:00', 0),
(457, '', 0, '', '', '2016-07-28 00:00:00', 0),
(458, 'ship.php', 9, 'Sherry', 'Superbly ilnutilaming data here, thanks!', '2016-07-28 00:00:00', 0),
(459, '', 0, '', '', '2016-07-28 00:00:00', 0),
(460, 'squad.php', 56, 'Amberlee', 'That really cauterps the spirit of it. Thanks for posting.', '2016-07-28 00:00:00', 0),
(461, '', 0, '', '', '2016-07-28 00:00:00', 0),
(462, 'build.php', 1124, 'Makailah', 'I never thought I would find such an everyday topic so enalrthling!', '2016-07-28 00:00:00', 0),
(463, '', 0, '', '', '2016-07-28 00:00:00', 0),
(464, 'build.php', 1138, 'Brynell', 'This is just the pecfret answer for all forum members', '2016-07-28 00:00:00', 0),
(465, '', 0, '', '', '2016-07-28 00:00:00', 0),
(466, 'squad.php', 46, 'Kert', 'Holy coscine data batman. Lol!', '2016-07-28 00:00:00', 0),
(467, '', 0, '', '', '2016-07-28 00:00:00', 0),
(468, 'squad.php', 104, 'Julz', 'I read your post and wisehd I was good enough to write it', '2016-07-28 00:00:00', 0),
(469, '', 0, '', '', '2016-07-28 00:00:00', 0),
(470, 'squad.php', 89, 'Youngy', 'These pieces really set a standard in the intrydus.', '2016-07-28 00:00:00', 0),
(471, '', 0, '', '', '2016-07-28 00:00:00', 0),
(472, 'build.php', 1154, 'Cactus', 'It''s posts like this that make surfing so much plresuae', '2016-07-28 00:00:00', 0),
(473, '', 0, '', '', '2016-07-28 00:00:00', 0),
(474, 'build.php', 1053, 'Kelenna', 'Good to find an expert who knows what he''s talnikg about!', '2016-07-28 00:00:00', 0),
(475, '', 0, '', '', '2016-07-28 00:00:00', 0),
(476, 'build.php', 1195, 'Dragon', 'And I thought I was the sensible one. Thanks for setting me stiarght.', '2016-07-28 00:00:00', 0),
(477, '', 0, '', '', '2016-07-28 00:00:00', 0),
(478, 'squad.php', 79, 'Turk', 'Plnaiseg to find someone who can think like that', '2016-07-28 00:00:00', 0),
(479, '', 0, '', '', '2016-07-28 00:00:00', 0),
(480, 'build.php', 1043, 'Joyelle', 'Boom shkalaaka boom boom, problem solved.', '2016-07-28 00:00:00', 0),
(481, '', 0, '', '', '2016-07-28 00:00:00', 0),
(482, 'upgrade.php', 48, 'Elly', 'That in''ihgtss perfect for what I need. Thanks!', '2016-07-28 00:00:00', 0),
(483, '', 0, '', '', '2016-07-28 00:00:00', 0),
(484, 'upgrade.php', 24, 'Susy', 'Wow, that''s a really clever way of thiinnkg about it!', '2016-07-28 00:00:00', 0),
(485, '', 0, '', '', '2016-07-28 00:00:00', 0),
(486, 'upgrade.php', 64, 'Bettie', 'Way to use the internet to help people solve prmesbol!', '2016-07-28 00:00:00', 0),
(487, '', 0, '', '', '2016-07-28 00:00:00', 0),
(488, 'squad.php', 4, 'Ricky', 'Taking the ovvreiew, this post is first class', '2016-07-28 00:00:00', 0),
(489, '', 0, '', '', '2016-07-28 00:00:00', 0),
(490, 'upgrade.php', 85, 'Jaelyn', 'You''re on top of the game. Thanks for shraing.', '2016-07-28 00:00:00', 0),
(491, '', 0, '', '', '2016-07-28 00:00:00', 0),
(492, 'ship.php', 16, 'Gildas', 'Dearest sweet bree, this is such a befiutaul post and i just LOVE LOVE that photo you took. I am so grateful to have met you on my creative journal and yipeee and hooray to new found creative friend! Have a beautiful start to a wonderful sweet holiday season! Love to you!', '2016-07-28 00:00:00', 0),
(493, '', 0, '', '', '2016-07-28 00:00:00', 0),
(494, 'upgrade.php', 19, 'Mena', 'You really found a way to make this whole prsecos easier.', '2016-07-28 00:00:00', 0),
(495, '', 0, '', '', '2016-07-28 00:00:00', 0),
(496, 'ship.php', 19, 'Doll', 'I will be putting this danzilzg insight to good use in no time.', '2016-07-28 00:00:00', 0),
(497, '', 0, '', '', '2016-07-28 00:00:00', 0),
(498, 'build.php', 1160, 'Heloise', 'I love granola and I&#8217;m going to try this because you made it sound so enticing.  I mean how can you not make a recipe labeled &#8220;killer granola&#8221;.  My favorite granola and one that I top on my go lean crunch every day is Cafe Fanny.  I hate the price tag, but love the grc,', '2016-07-28 00:00:00', 0),
(499, '', 0, '', '', '2016-07-28 00:00:00', 0),
(500, 'squad.php', 52, 'Lakisha', 'Always reshefring to hear a rational answer.', '2016-07-28 00:00:00', 0),
(501, '', 0, '', '', '2016-07-28 00:00:00', 0),
(502, 'build.php', 1041, 'Bert', 'It''s impieatrve that more people make this exact point.', '2016-07-28 00:00:00', 0),
(503, '', 0, '', '', '2016-07-28 00:00:00', 0),
(504, 'build.php', 1155, 'Jhett', 'Daud e NeL,adiindes fotos! Tambem, Thaissa e Raphael, mais lindos ainda ! Muito bom mesmo reviver os momentos atraves das fotos&#8230; Me sinto orgulhosa de te-los como parceiros! Parabens pelo belo trabalho! =Dbjks', '2016-07-28 00:00:00', 0),
(505, '', 0, '', '', '2016-07-28 00:00:00', 0),
(506, 'build.php', 1133, 'Ollie', 'A wonderful job. Super helpful infamrotion.', '2016-07-28 00:00:00', 0),
(507, '', 0, '', '', '2016-07-28 00:00:00', 0),
(508, 'build.php', 1063, 'Skip', 'That''s the thikinng of a creative mind', '2016-07-28 00:00:00', 0),
(509, '', 0, '', '', '2016-07-28 00:00:00', 0),
(510, 'build.php', 1157, 'Betsy', 'me consta que este vejete es de lo peor, coinsidi con l en el Vips de Chetumal y a que no sabenq qu hizo? ESTABA FACTURANDO el importe de un caf de 13 pesos QUE NO MAMEEEE ese es ser un pinche sigernvenza', '2016-07-28 00:00:00', 0),
(511, '', 0, '', '', '2016-07-28 00:00:00', 0),
(512, 'upgrade.php', 13, 'Marden', 'Oooohhh mais il y en manque l de commentaire. C&#8217;est pas beau de trier que ce qu&#8217;on veut. Si tu ne dsires qu&#8217;avoir des flteries, alors s&#8217;il te plait, enlve ce commentaire eronn qui ne reflte pas totalement mon avis. Sinon, merci de complter et d&#8217', '2016-07-28 00:00:00', 0),
(513, '', 0, '', '', '2016-07-28 00:00:00', 0),
(514, 'build.php', 1076, 'Maryland', 'Welcome home!  Missed your fab posts, but I know you were sharing your talents with others.  How lucky they are to take one of your classes.  Woo-Hoo, another chance to win &#8230; you&#8217;re the best!  That leaf set is wonrndful.Jeaenette', '2016-07-28 00:00:00', 0),
(515, '', 0, '', '', '2016-07-28 00:00:00', 0),
(516, 'build.php', 1054, 'Jalia', 'Wow! Just Wow! So now Youtube is endorsing false identities under the guise of &#;e#cr9ativity&;393? Usernames that begin viral traffic by attracting a crowd-of-???Is it really lost on the editors, that the quest for monetizable traffic has has you endorsing this whole charade? Where is ', '2016-07-28 00:00:00', 0),
(517, '', 0, '', '', '2016-07-28 00:00:00', 0),
(518, '', 0, '', '', '2016-07-28 00:00:00', 0),
(519, 'upgrade.php', 54, 'Cammie', 'My Husband and I are having our fourth child in three weeks and I col1un&#82d7;t be more  nervous, I&#8217;ve carried out this three times prior to and I do not comprehend why I&#8217;m so nervous this time around, so doing online research for baby and pregnancy related topics help to ea', '2016-07-28 00:00:00', 0),
(520, '', 0, '', '', '2016-07-28 00:00:00', 0),
(521, 'build.php', 1146, 'Kailan', 'Real brain power on dipaysl. Thanks for that answer!', '2016-07-28 00:00:00', 0),
(522, '', 0, '', '', '2016-07-28 00:00:00', 0),
(523, 'build.php', 1185, 'Nelly', 'Your post captures the issue peyfrctle!', '2016-07-28 00:00:00', 0),
(524, '', 0, '', '', '2016-07-28 00:00:00', 0),
(525, 'squad.php', 94, 'Rope', 'All of these are interesting subjects. I would like to discus them all with you. Perhaps we should have a Google hangout. You already know I have a somewhat animalistic view on such things, but, with the potential of great human achtevemeni. That is if we can avoid causing out own extinc', '2016-07-28 00:00:00', 0),
(526, '', 0, '', '', '2016-07-28 00:00:00', 0),
(527, 'build.php', 38, 'Idana', 'Is that really all there is to it because that''d be flbgtergasbina.', '2016-07-28 00:00:00', 0),
(528, '', 0, '', '', '2016-07-28 00:00:00', 0),
(529, 'ship.php', 40, 'Marlee', 'A rolling stone is worth two in the bush, thanks to this arctile.', '2016-07-28 00:00:00', 0),
(530, '', 0, '', '', '2016-07-28 00:00:00', 0),
(531, 'ship.php', 29, 'Rocky', '1f9whoah this blog is great i really like reading your posts. Keep up the great paintings! You know, a lot of individuals are looking around for this inafrmotion, you could help them greatly.', '2016-07-28 00:00:00', 0),
(532, '', 0, '', '', '2016-07-28 00:00:00', 0),
(533, 'build.php', 1216, 'Coralie', 'If I were a Teenage Mutant Ninja Turtle, now I''d say "Kowbaunga, dude!"', '2016-07-28 00:00:00', 0),
(534, '', 0, '', '', '2016-07-28 00:00:00', 0),
(535, 'build.php', 1183, 'Lois', 'I want the coat, we all want the coat! I also want the table cloth and the 50s place mats! You get so many lovely things, not that you don&#39;t deserve them of course! The top is fatsnatic, Lisa will never have her face rubbed on dirty dishes', '2016-07-28 00:00:00', 0),
(536, '', 0, '', '', '2016-07-28 00:00:00', 0),
(537, 'build.php', 1163, 'Teiya', 'Kedves Andrs!Ksznm, hogy felhvta a figyelmnket az oldalra! (Balzs Bla jelenleg mg jogdjas:-()Ha konkrtan ajnlana knyveket, az sokat segtene. (Jhet magnlevlben!)J ol:zst!KssnettelaKindlevarvzs', '2016-07-28 00:00:00', 0),
(538, '', 0, '', '', '2016-07-28 00:00:00', 0),
(539, '', 0, '', '', '2016-07-28 00:00:00', 0),
(540, 'build.php', 27, 'Bobcat', 'Times are chninagg for the better if I can get this online!', '2016-07-28 00:00:00', 0),
(541, '', 0, '', '', '2016-07-28 00:00:00', 0),
(542, '', 0, '', '', '2016-07-28 00:00:00', 0),
(543, 'squad.php', 126, 'Marel', 'I''m quite pleased with the inmiofatron in this one. TY!', '2016-07-28 00:00:00', 0),
(544, '', 0, '', '', '2016-07-28 00:00:00', 0),
(545, 'build.php', 48, 'Egypt', '&quot;The white right is still incensed about Civil Rights and they are determine to &quot;take America back&quot; and we all know that shit me&Wq.asuot;nhat an idiot.  I&#39;ll bet oldbrownsteve shits his pants every time he sees his own shadow.', '2016-07-28 00:00:00', 0),
(546, '', 0, '', '', '2016-07-28 00:00:00', 0),
(547, 'build.php', 1094, 'Forever', 'disaa:endress disse:7 de novembro de 2012 s 7:40Concordo meu caro. Mas tenho a impresso que a poca para o F-16 passou.Nesse momento seria mais aconselhvel comprar o F/A-18E via FMS, e aguardar para comprar mais Super Hornets, desta feita usados, conforme estes forem dando baixa', '2016-07-28 00:00:00', 0),
(548, '', 0, '', '', '2016-07-28 00:00:00', 0),
(549, 'build.php', 1215, 'Gertie', 'TO: JGRE: Please....People don&#39;t give alcohol to minors, Chuck, but not many people see anything wrong with an adult having a glass of wine with dinner. -- JG...expand on that coTsmnt.Regardm,Chuck(le)[ehe &#39;devil&#39; is ALWAYS in the details.]', '2016-07-28 00:00:00', 0),
(550, '', 0, '', '', '2016-07-28 00:00:00', 0),
(551, 'build.php', 1118, 'Lanette', 'Could you please tell me your lesson prices (hope it&#8217;s not impolite to ask somebody with your reputation th2)It&#8a17;m a full-time Soldier in Vancouver, WA needing help w/ my CG hobby; I&#8217;m hitting walls.  The one thing that is keeping me going is the Shearer scale book; I ca', '2016-07-28 00:00:00', 0),
(552, '', 0, '', '', '2016-07-28 00:00:00', 0),
(553, 'build.php', 1002, 'Ruvell', 'If you are out of work person and do not have anyis just one the security and will offer you a quantity reason they can be like thisquick loans same day The next thing you already kn2,ryou&#8o17;we making refers to and also per $100 is really a fixed place', '2016-07-28 00:00:00', 0),
(554, '', 0, '', '', '2016-07-28 00:00:00', 0),
(555, 'build.php', 37, 'Chyna', 'pues la verdad si tiene buenos coonjess , seria bueno que pusieras mas tips gratis, pero buena pagina, y a la mara que no le gusta pues que se salga d la pagina y se ponga a ver su face , cabrones', '2016-07-28 00:00:00', 0),
(556, '', 0, '', '', '2016-07-28 00:00:00', 0),
(557, 'squad.php', 36, 'Parthena', 'Mev;,nI&#8217age had so much fun following your blog!  (Yes, I&#8217;ve been a stalker!)  Your dad told me about it.  (We were on staff together in Broken Arrow.  Andy&#8217;s older brother/family were in Chile for 16 years.)  I love how you&#8217;re finding ways to interact with new fri', '2016-07-28 00:00:00', 0),
(558, '', 0, '', '', '2016-07-28 00:00:00', 0),
(559, 'upgrade.php', 8, 'Brandi', 'You''ve got it in one. Co''undlt have put it better.', '2016-07-28 00:00:00', 0),
(560, '', 0, '', '', '2016-07-28 00:00:00', 0),
(561, 'build.php', 1046, 'Cade', 'Trillade in hos dig..Vilken blogg du har, du har ju gjort hur mycket som helst! Genomgende vackra hrliga frger p dina mlade stmplar. Lgger in mig som fljare, mste ju komma tillbaka, hr fanns ju som sagt en del att titta p :) Sjlv r jag nybjrare...Ha det! /Anna', '2016-07-28 00:00:00', 0),
(562, '', 0, '', '', '2016-07-28 00:00:00', 0),
(563, 'build.php', 15, 'Kacy', 'I hear you. When away I tend to indulge more. And I think th827#at1&;s just fine   Wine and laughter is a great combo. Loved seeing you in NYC..XKaren', '2016-07-28 00:00:00', 0),
(564, '', 0, '', '', '2016-07-28 00:00:00', 0),
(565, 'squad.php', 102, 'Nollie', 'No queiston this is the place to get this info, thanks y''all.', '2016-07-28 00:00:00', 0),
(566, '', 0, '', '', '2016-07-28 00:00:00', 0),
(567, 'build.php', 1110, 'Jaylene', 'Essays like this are so important to bronnediag people''s horizons.', '2016-07-28 00:00:00', 0),
(568, '', 0, '', '', '2016-07-28 00:00:00', 0),
(569, 'upgrade.php', 74, 'Lawanda', 'Created the greatest arcitles, you have.', '2016-07-28 00:00:00', 0),
(570, '', 0, '', '', '2016-07-28 00:00:00', 0);
INSERT INTO `comments` (`id`, `page`, `ref_id`, `name`, `comment`, `date`, `active`) VALUES
(571, 'upgrade.php', 86, 'Jenaya', 'At last! Someone who unedsstandr! Thanks for posting!', '2016-07-28 00:00:00', 0),
(572, '', 0, '', '', '2016-07-28 00:00:00', 0),
(573, '', 0, '', '', '2016-07-28 00:00:00', 0),
(574, 'build.php', 1122, 'Lore', 'Howdy! This is type of off topic but I want some advice from an established blog. Is it very difficult to create your very own blog? I&#8217;m not so techincal but I can figure things out quite fast. I&#8217;m cotminplateng creating my own, personal but I&#8217;m uncertain how to begin. ', '2016-07-28 00:00:00', 0),
(575, '', 0, '', '', '2016-07-28 00:00:00', 0),
(576, 'tournament.php', 49, 'Buckie', 'I''m so glad that the inenetrt allows free info like this!', '2016-07-28 00:00:00', 0),
(577, '', 0, '', '', '2016-07-28 00:00:00', 0),
(578, 'build.php', 3, 'Kaylynn', 'Deep Climate wr:ottThae&#8217;s probably enough on SE&#8217;s talking points, though. He doesn&#8217;t seem to want to discuss the actual issue of this post, so I&#8217;m moving his latest comment &#8211; and this one &#8211; to Unthreaded. This discussion should be continued there, if a', '2016-07-28 00:00:00', 0),
(579, '', 0, '', '', '2016-07-28 00:00:00', 0),
(580, 'upgrade.php', 59, 'Keischa', 'Jeremy,Remember the saying "Be careful what you wish for"? Check out your post on January 14.I think that indoor public spaces only should be taStdgee.randrine', '2016-07-28 00:00:00', 0),
(581, '', 0, '', '', '2016-07-28 00:00:00', 0),
(582, '', 0, '', '', '2016-07-28 00:00:00', 0),
(583, 'build.php', 1033, 'Caelii', 'Home run! Great slguigng with that answer!', '2016-07-28 00:00:00', 0),
(584, '', 0, '', '', '2016-07-28 00:00:00', 0),
(585, 'build.php', 1117, 'Kaiden', 'Very inrmioatfve and trustworthy blog. Please keep updating with great posts like this one. I have booked marked your site and am about to email it to a few friends of mine that I know would enjoy reading', '2016-07-28 00:00:00', 0),
(586, '', 0, '', '', '2016-07-28 00:00:00', 0),
(587, '', 0, '', '', '2016-07-28 00:00:00', 0),
(588, 'build.php', 1181, 'Medford', 'No conatpimls on this end, simply a good piece.', '2016-07-28 00:00:00', 0),
(589, '', 0, '', '', '2016-07-28 00:00:00', 0),
(590, 'build.php', 18, 'Kert', 'Me and this article, sitting in a tree, L---EAR-N-I-N-G!', '2016-07-28 00:00:00', 0),
(591, '', 0, '', '', '2016-07-28 00:00:00', 0),
(592, 'upgrade.php', 66, 'Stella', 'Si j&#1;872allais ramasser des dchets, qqn croit-il vraiment que notre PM se dirait ohlala, je devrais oublier a la hausse ? Biz est un pote et la valeur pragmatique d&#8217;une telle action reste  dmontrer.', '2016-07-28 00:00:00', 0),
(593, '', 0, '', '', '2016-07-28 00:00:00', 0),
(594, 'squad.php', 107, 'Boss', 'Howdy very nice web site!! Man .. Beautiful .. Wonderful .. I will bookmark your web site and take the feeds al&sKIo#8217;m glad to search out so many useful info right here within the post, we&#8217;d like develop more strategies in this regard, thanks for sharing. . . . . .', '2016-07-28 00:00:00', 0),
(595, '', 0, '', '', '2016-07-28 00:00:00', 0),
(596, 'build.php', 6, 'Kelenna', 'That''s a posting full of inihsgt!', '2016-07-28 00:00:00', 0),
(597, '', 0, '', '', '2016-07-28 00:00:00', 0),
(598, 'squad.php', 50, 'Kassie', 'Sounds thoroughly wonderful. I ha8;#&nv217et had a wake-up that wasn&#8217;t via my cell alarm or thanks to my kids in far, far too long.Also been too long since I gave you a SNEAK ATTACK HUG&#8230;', '2016-07-28 00:00:00', 0),
(599, '', 0, '', '', '2016-07-28 00:00:00', 0),
(600, 'upgrade.php', 5, 'Rangle', 'That''s a creative answer to a difuicflt question', '2016-07-28 00:00:00', 0),
(601, '', 0, '', '', '2016-07-28 00:00:00', 0),
(602, 'ship.php', 22, 'Maud', 'material coiptraeoon might be wrong if a person does not have a sufficient reason to cooperate. 1This is the key statement of truth in this article. The rest of the essay shall be given over to', '2016-07-28 00:00:00', 0),
(603, '', 0, '', '', '2016-07-28 00:00:00', 0),
(604, 'squad.php', 65, 'Bubby', '&quot;In late capitalism, the elites are no longer restrained by ties of national identity and are thus freer to enrich themselves at the expense of their host society. This clash of interests lies at the heart of the globalist proqtce:&juot;   Um-am I reading the communist manifesto her', '2016-07-28 00:00:00', 0),
(605, '', 0, '', '', '2016-07-28 00:00:00', 0),
(606, 'build.php', 1080, 'Melia', 'Yes, I&#8217;m here!!  We tried to read Lor&#8217;s E-Mail, but no luck.  Uncle Bill received two units  of blood on Monday. and he is feeling great.  They must have given him the high octane instead of the old regular.  He really looks and acts like the dear old boy we used to know.  Yo', '2016-07-28 00:00:00', 0),
(607, '', 0, '', '', '2016-07-28 00:00:00', 0),
(608, 'build.php', 1060, 'Xandy', 'If only there were more clveer people like you!', '2016-07-28 00:00:00', 0),
(609, '', 0, '', '', '2016-07-28 00:00:00', 0),
(610, '', 0, '', '', '2016-07-28 00:00:00', 0),
(611, 'build.php', 1220, 'Kailey', 'What I find so inreiesttng is you could never find this anywhere else.', '2016-07-28 00:00:00', 0),
(612, '', 0, '', '', '2016-07-28 00:00:00', 0),
(613, 'upgrade.php', 27, 'Buckie', 'This article achiveed exactly what I wanted it to achieve.', '2016-07-28 00:00:00', 0),
(614, '', 0, '', '', '2016-07-28 00:00:00', 0),
(615, 'upgrade.php', 23, 'Reegan', 'Yo, that''s what''s up trtllfuhuy.', '2016-07-28 00:00:00', 0),
(616, '', 0, '', '', '2016-07-28 00:00:00', 0),
(617, 'ship.php', 6, 'Judith', 'Thanks for your write-up on the vacation industry. I&#8217;d peolsnarly also like contribute that if you are one senior thinking about traveling, it is absolutely crucial to buy travel cover for retirees. When traveling, senior citizens are at high risk of getting a healthcare emergency.', '2016-07-28 00:00:00', 0),
(618, '', 0, '', '', '2016-07-28 00:00:00', 0),
(619, 'squad.php', 71, 'Sukey', 'disse:tem como dizer se serve para slide , se no serve oq devo trocar?? agradeo des d jtruks -Rovengeredas &#8211; mosca 76mm 80a speedshap street line 94cm', '2016-07-28 00:00:00', 0),
(620, '', 0, '', '', '2016-07-28 00:00:00', 0),
(621, 'build.php', 1079, 'Darvin', 'No&3;&#8230o.ito#0o9;s ME!   I was attempting to be OH so clever and independent&#8230;and not bother my web guru friend, so I set up most of this myself and noticed that same problem last night. So sorry &#039;bout that&#8230;.and now it&#039;s a long weekend! LOL&#8230;timing is everyt', '2016-07-28 00:00:00', 0),
(622, '', 0, '', '', '2016-07-28 00:00:00', 0),
(623, '', 0, '', '', '2016-07-28 00:00:00', 0),
(624, 'ship.php', 38, 'Destry', 'Caroline, you have such a wonderful new website.  Take a moment to enjoy all that you have acheopliscmd.  The simple words of Faith and Love inspire us all.', '2016-07-28 00:00:00', 0),
(625, '', 0, '', '', '2016-07-28 00:00:00', 0),
(626, 'build.php', 1058, 'Titia', 'Coroiatulatrons!Glgny to God for his bountiful mercy. I&#39;ve been praying for you over here in MS for some time now. I&#39;m so glad you&#39;ve reached this day. What happiness you&#39;ve brought to so many people!', '2016-07-28 00:00:00', 0),
(627, '', 0, '', '', '2016-07-28 00:00:00', 0),
(628, 'build.php', 1009, 'Mahala', 'S-kaupoista saa luiomsoijamautoa (Rainbow), mik on jotain todella hienoa! Alpron maito on parasta, mutta sit ei ole saanut en pitkn aikaan luomuna. Mutta muuten olen samaa mielt siit, ett K-kaupoissa on paremmat luomuvalikoimat. K-kauppiailla on muutenkin suuremmat mahd', '2016-07-28 00:00:00', 0),
(629, '', 0, '', '', '2016-07-28 00:00:00', 0),
(630, 'build.php', 40, 'Rita', 'alors pourquoi ne pas s&#8217;inspirer des systme qui ont fait leurs preuve ,par expl la 5em rl;cbique,u&#8217pest encore un hritage qu&#8217;ils auraient put garder en plus de la langue ,loll', '2016-07-28 00:00:00', 0),
(631, '', 0, '', '', '2016-07-28 00:00:00', 0),
(632, 'tournament.php', 47, 'Laquisha', '70For kids I would go with Point Pleasant, but I&#8217;ve never been to Wildwood.  Po8&1n#i2t7;s boarwalk is smaller, but has enough rides and games to keep kids busy.Stay away from Seaside unless you&#8217;ve had all your shots and own a Camaro.', '2016-07-28 00:00:00', 0),
(633, '', 0, '', '', '2016-07-28 00:00:00', 0),
(634, 'upgrade.php', 70, 'Tommy', 'Hi! I know this is kinda off topic but I was woindreng if you knew where I could locate a captcha plugin for my comment form? I&#8217;m using the same blog platform as yours and I&#8217;m having problems finding one? Thanks a lot!', '2016-07-28 00:00:00', 0),
(635, '', 0, '', '', '2016-07-28 00:00:00', 0),
(636, 'tournament.php', 52, 'Sherry', 'I had a co-worker who used their french press at work and I thought it was so silly to go to all that ef8rto&#f230;until I tasted the horrible coffee that came from the flavia machine&#8230;then I understood why he brought in his french press!  Being the caffeine addicts that we are, per', '2016-07-28 00:00:00', 0),
(637, '', 0, '', '', '2016-07-28 00:00:00', 0),
(638, 'build.php', 1096, 'Vina', 'Richard from Netherlands, August 10, 2012 at 6:46 PM                                       Echt geweldig, fantastisch, heerlijk, fijn, verlkkuerijk, relaxerend, kortom een top hotel ! Geheel in de authetieke sfeer van het geweldige Gardemeer. Werd zelfs ontroerd toen ik voor het eerst do', '2016-07-28 00:00:00', 0),
(639, '', 0, '', '', '2016-07-28 00:00:00', 0),
(640, 'ship.php', 8, 'Jaundalynn', 'Yo718#2&u;re not the regular blog author, man.  You surely have something powerful to contribute to the web.  Such a great blog.  I will come back again for more.', '2016-07-28 00:00:00', 0),
(641, '', 0, '', '', '2016-07-28 00:00:00', 0),
(642, 'ship.php', 31, 'Trixie', 'I&#39;m so glad to read your blog about this! I&#39;ve never been to a Potter coercfenen, and I suppose I&#39;ll never have the chance to now. So I just have to live vicariously through you!', '2016-07-28 00:00:00', 0),
(643, 'build.php', 1027, 'Nelly', 'Your tablet discussion is a timely one for our team as we are in the process of transitioning to tablets. As in everything technology related there is a new option each time you look for more information. Thanks for the run down on some of these fee3tras&#82u0; it helps a lot.Please chec', '2016-07-28 00:00:00', 0),
(644, '', 0, '', '', '2016-07-28 00:00:00', 0),
(645, '', 0, '', '', '2016-07-28 00:00:00', 0),
(646, 'squad.php', 38, 'Idana', 'Thank you Lee for your enuctragemeno!  I actually have been thinking about writing/ compiling the various pieces I&#8217;ve written on the inner-city journey, including some prior WVPE commentaries. Your suggestion will move me a step forward to doing that.  Hugs to our Plymouth friends ', '2016-07-28 00:00:00', 0),
(647, '', 0, '', '', '2016-07-28 00:00:00', 0),
(648, 'build.php', 1217, 'Theresa', 'Wonderful story, reckoned we could combine several unrelated infiomatorn, nevertheless definitely worth taking a appear, whoa did one study about Mid East has got additional problerms too', '2016-07-28 00:00:00', 0),
(649, '', 0, '', '', '2016-07-28 00:00:00', 0),
(650, 'build.php', 1136, 'Tisha', 'Thank you for sharing superb insfomationr. Your site is so cool. Im impressed by the details that you?|ve on this blog. It reveals how nicely you understand this subject. Bookmarked this web page, will come back for extra articles. You, my friend, ROCK! I found simply the information', '2016-07-28 00:00:00', 0),
(651, '', 0, '', '', '2016-07-28 00:00:00', 0),
(652, 'build.php', 1236, 'Dillian', 'Obviously, they &#8230;  Obviously, they need to fix this TAC fiasco, but as for other patches and whatnot, I would like to see the characters no one really uses, like Viewtiful Joe and Hsien-Ko, get buffed. Keep the good chaaectrrs, like Zero and Wesker, the way they are, but make the b', '2016-07-28 00:00:00', 0),
(653, '', 0, '', '', '2016-07-28 00:00:00', 0),
(654, 'build.php', 1198, 'Taran', 'I don&#8217;t even understand how I ended up here, however I believed this submit was great. I do not know who you might be however certainly yor728#1&;ue going to a well-known blogger for those who are not already. Cheers!', '2016-07-28 00:00:00', 0),
(655, '', 0, '', '', '2016-07-28 00:00:00', 0),
(656, '', 0, '', '', '2016-07-28 00:00:00', 0),
(657, 'build.php', 1165, 'Charleigh', 'sehr sehr geil! Ich habe mich gestern am Flughafen auch nicht mehr wehren knnen und es ge;32ft&#8ua0kund nu brauch ich schnell die anderen drei Bnde- LOL', '2016-07-28 00:00:00', 0),
(658, '', 0, '', '', '2016-07-28 00:00:00', 0),
(659, 'squad.php', 17, 'Cassie', 'Lady Dodi &middot; marted, 27 novembre 2012, 5:12 pmAssennato presumo sia quella faccenda per cui  stato assolto per non aver commesso un bel niente.E di questa &#rf0;2amiglia2it8&#8221; coi Riva apprendo adesso.Quindi concordo.Politica di alto livello presuppone di frequentare tut', '2016-07-28 00:00:00', 0),
(660, '', 0, '', '', '2016-07-28 00:00:00', 0),
(661, 'build.php', 1003, 'Lanette', 'Koselig blogg du har! Og tusen takk for at du flger bloggen min! Du ble flger nr.100 inne hos meg! Bli gjerne med p min giveaway om du ikke allerede har deltatt! :-)Jeg trekker 9 lodder jeg og krysser finregne! :-)', '2016-07-28 00:00:00', 0),
(662, '', 0, '', '', '2016-07-28 00:00:00', 0),
(663, 'upgrade.php', 35, 'Quiana', 'maeomscquunicacion7 noviembre, 2010Hola!estamos totalmente de acuerdo contigo, lo principal para crear un blog es la constancia y la persistencia, al principio puede costar un poco hasta que uno consigue organizarse pero luego !va rodado! nosotras esperamos que ste funcione, claro, por', '2016-07-28 00:00:00', 0),
(664, '', 0, '', '', '2016-07-28 00:00:00', 0),
(665, 'build.php', 1035, 'Deena', 'Musvitten som vi kalder den i Danmark er en af mine yndlings fugle. Det har endnu ikke lykkedes mig at &qaf;tounge&quot; den nogensinde.Tak for at du deler med os og mange tak for at du har denne Udfordring !!', '2016-07-28 00:00:00', 0),
(666, '', 0, '', '', '2016-07-28 00:00:00', 0),
(667, 'upgrade.php', 12, 'Gerrie', 'Enjoyed looking through this, very good stuff, thanks . &laquo;&nbsp;If it was an overnight success, it was one long, hard, sleepless niub.t&nhsp;&raqgo; by Dicky Barrett.', '2016-07-28 00:00:00', 0),
(668, '', 0, '', '', '2016-07-28 00:00:00', 0),
(669, 'build.php', 1147, 'Jasemin', 'POLLY IS TOAST he cant get in and now am being accused of blincokg his IP if he says your right your better than me at internet security I will let him back in if hes a good boy and behaves but if we hear oh happy days thats it, never again!', '2016-07-28 00:00:00', 0),
(670, '', 0, '', '', '2016-07-28 00:00:00', 0),
(671, 'squad.php', 125, 'Florence', 'Ik sluit me bij de vorige sprekers aan. Ben ook net (drie dagen) begonnen vanwege mijn neurodermitis (vier jaar on&;8eerg#v230e) en merk nu al verschil. Zonder oude kaas en rode wijn leven wordt op den duur wel moeilijk, vrees ik, maar alles schijnt te wennen. Dankjewel voor deze site!', '2016-07-28 00:00:00', 0),
(672, '', 0, '', '', '2016-07-28 00:00:00', 0),
(673, 'build.php', 1109, 'Delores', 'Hei :) ja n nr mrketiden sr for tur s e de veldig koselig med lyst innendrs da og da e det bare fantasien som kan sette grenser for hvordan vi lage til lyajkkeeerssdoner. Kjempe fint :)Oii s heldig du e som har en datter s e s flink te  lage mat. .s riktig s deili', '2016-07-28 00:00:00', 0),
(674, '', 0, '', '', '2016-07-28 00:00:00', 0),
(675, 'build.php', 1196, 'Caroline', 'give george a stroke from me. Can&#8217;t wait to read about/see your new house!! we are playing in the park with the boys in the sunshine. It feels like Australia in the UK toisa.mdsying you x', '2016-07-28 00:00:00', 0),
(676, '', 0, '', '', '2016-07-28 00:00:00', 0),
(677, 'build.php', 1179, 'Emberlynn', 'lol there are alot of screamers in these vids huh i love the ones that are super excited about popping and saying ooooooo ahhhhh this is so cool lol the screaming ones u gotta turn down your volume so your speakers do87n#21&;t blow out', '2016-07-28 00:00:00', 0),
(678, '', 0, '', '', '2016-07-28 00:00:00', 0),
(679, '', 0, '', '', '2016-07-28 00:00:00', 0),
(680, 'build.php', 1014, 'Jaelyn', 'I don;&8217#t have much of a plan for next week. Just going to work every day. I just got back from taking a class away from home for a month so I&#8217;ve been taking a lot of time off to spend at home with my puppy. I guess next week I&#8217;ll have to go back to the real world and act', '2016-07-28 00:00:00', 0),
(681, '', 0, '', '', '2016-07-28 00:00:00', 0),
(682, 'build.php', 1062, 'Judy', 'Wow, zeven dagen is inerddaad lang! Dat is een volle week, niet te geloven. Elke keer zie ik weer een goede review voorbij komen, ik moet denk ik ook maar eens aan de NYX lakjes gaan.', '2016-07-28 00:00:00', 0),
(683, '', 0, '', '', '2016-07-28 00:00:00', 0),
(684, 'build.php', 1166, 'Janet', 'un tre quarti d&#39;ora l&#39;uno? Ammetto che dopo le prime due, sono andato un po&#39; a tirar via.@RLD &amp; Sandro71: forse avete visto .@iamnoise: un iPhone ci sta sempre bene.@Christian: ma davvero le trovate porno? Non  mica quella l&iir;3dea.G9az#e per i complimenti, a tutti. :', '2016-07-28 00:00:00', 0),
(685, '', 0, '', '', '2016-07-28 00:00:00', 0),
(686, 'squad.php', 34, 'Mateen', 'Princess Mindy, i am so drawn to You and Your flawless beauty and arrogant attitude. i am too weak willed a sissy to resist becoming yet, another of Your bllikmacaed bitches.', '2016-07-28 00:00:00', 0),
(687, '', 0, '', '', '2016-07-28 00:00:00', 0),
(688, 'upgrade.php', 3, 'Molly', 'YOU NEED TO GET EDUCATED ON THE STATS &#038; STATISTICS-SENATOR NANCY SHAEFFER, RETIRED FBI (L.A.) TED GUNDERSON-WAKE UP, WAKE UP WAKE UP FOR YOUR IGNORANCE IS CAUSING CHILDREN TO BE PHYSICALLY, SEXUALLY, EMOTIONALLY ABUSED&#8230;.THE STAT AND PSYCH REPORTS STATE THAT 1-&#8221;FARE BE', '2016-07-28 00:00:00', 0),
(689, '', 0, '', '', '2016-07-28 00:00:00', 0),
(690, 'build.php', 1188, 'Jetsyn', 'So sorry to hear about your gum, I am glad it did not stop you from enjoying these healthy snaksc.Thank you for your comments Sally, I always love reading them', '2016-07-28 00:00:00', 0),
(691, '', 0, '', '', '2016-07-28 00:00:00', 0),
(692, 'ship.php', 18, 'Sable', 'Two demonic fools who deserve each other. She giving up the cooch for money and he trying to grab hold of a reality ho for fame. Hope Johnson goes to jail and I hope she lives her life with complete emrsrbasament without getting a dime.', '2016-07-28 00:00:00', 0),
(693, '', 0, '', '', '2016-07-28 00:00:00', 0),
(694, 'build.php', 1013, 'RobertCom', 'http://norgebets.xyz kasino norsk  http://norgebets.xyz kasino norsk   http://norgebets.xyz kasino norsk   http://norgebets.xyz kasino norsk  http://norgebets.xyz kasino norsk   http://norgebets.xyz kasino norsk  http://norgebets.xyz kasino norsk  http://norgebets.xyz kasino norsk   http', '2016-07-29 00:00:00', 0),
(695, 'squad.php', 92, 'DeadPunker', 'This Fleet is 401 Points', '2016-08-10 00:00:00', 0),
(696, 'build.php', 1003, 'JimmiXS', 'QwZD4K http://www.FyLitCl7Pf7kjQdDUOLQOuaxTXbj5iNG.com', '2016-08-11 00:00:00', 0),
(697, '', 0, '', '', '2016-08-11 00:00:00', 0),
(698, 'tournament.php', 63, 'JimmiXS', '4Mi4B3 http://www.FyLitCl7Pf7kjQdDUOLQOuaxTXbj5iNG.com', '2016-08-11 00:00:00', 0),
(699, '', 0, '', '', '2016-08-11 00:00:00', 0),
(700, 'tournament.php', 64, 'JimmiXS', 'JwytrD http://www.FyLitCl7Pf7kjQdDUOLQOuaxTXbj5iNG.com', '2016-08-11 00:00:00', 0),
(701, '', 0, '', '', '2016-08-11 00:00:00', 0),
(702, 'tournament.php', 67, 'JimmiXS', 'yre1ng http://www.FyLitCl7Pf7kjQdDUOLQOuaxTXbj5iNG.com', '2016-08-13 00:00:00', 0),
(703, '', 0, '', '', '2016-08-13 00:00:00', 0);

-- --------------------------------------------------------

--
-- Table structure for table `list_builds`
--

CREATE TABLE IF NOT EXISTS `list_builds` (
`id` int(11) NOT NULL,
  `list_id` int(11) NOT NULL,
  `build_id` int(11) NOT NULL
) ENGINE=InnoDB  DEFAULT CHARSET=latin1 AUTO_INCREMENT=909 ;

--
-- Dumping data for table `list_builds`
--

INSERT INTO `list_builds` (`id`, `list_id`, `build_id`) VALUES
(1, 1, 1001),
(2, 1, 1002),
(3, 1, 1003),
(4, 1, 1003),
(5, 2, 15),
(6, 2, 15),
(7, 2, 16),
(8, 2, 1004),
(9, 2, 1005),
(10, 3, 1006),
(11, 3, 1007),
(12, 3, 1008),
(13, 3, 1009),
(14, 4, 1010),
(15, 4, 1011),
(16, 4, 1012),
(17, 5, 9),
(18, 5, 9),
(19, 5, 9),
(20, 5, 9),
(21, 5, 10),
(22, 5, 1001),
(23, 5, 1003),
(24, 5, 1013),
(25, 2, 1),
(26, 6, 5),
(27, 6, 14),
(28, 6, 14),
(29, 6, 1001),
(30, 7, 9),
(31, 7, 9),
(32, 7, 9),
(33, 7, 10),
(34, 7, 25),
(35, 7, 25),
(36, 7, 25),
(37, 7, 28),
(38, 7, 1013),
(39, 7, 1014),
(40, 8, 9),
(41, 8, 9),
(42, 8, 9),
(43, 8, 9),
(44, 8, 9),
(45, 8, 1015),
(46, 8, 1016),
(47, 9, 1),
(48, 9, 1),
(49, 9, 4),
(50, 9, 4),
(51, 9, 15),
(52, 9, 15),
(53, 9, 1017),
(54, 10, 9),
(55, 10, 9),
(56, 10, 9),
(57, 10, 9),
(59, 10, 1003),
(60, 10, 1013),
(61, 10, 1019),
(62, 11, 9),
(63, 11, 9),
(64, 11, 9),
(65, 11, 9),
(66, 11, 22),
(67, 11, 1003),
(68, 11, 1020),
(69, 11, 1021),
(70, 12, 7),
(71, 12, 8),
(72, 12, 15),
(73, 12, 15),
(74, 12, 15),
(75, 12, 17),
(76, 12, 18),
(77, 12, 1022),
(78, 12, 1023),
(79, 13, 9),
(80, 13, 9),
(81, 13, 9),
(82, 13, 9),
(83, 13, 27),
(84, 13, 27),
(85, 13, 27),
(86, 13, 27),
(87, 13, 28),
(88, 13, 1024),
(89, 13, 1025),
(90, 14, 9),
(91, 14, 10),
(92, 14, 23),
(93, 14, 23),
(94, 14, 25),
(95, 14, 25),
(96, 14, 26),
(97, 14, 1026),
(98, 14, 1027),
(99, 15, 1),
(100, 15, 1),
(101, 15, 1),
(102, 15, 1028),
(103, 15, 1029),
(104, 16, 14),
(105, 16, 14),
(106, 16, 1001),
(107, 16, 1030),
(108, 17, 4),
(109, 17, 1028),
(110, 17, 1031),
(111, 17, 1032),
(112, 18, 22),
(113, 18, 24),
(114, 18, 26),
(115, 18, 1020),
(116, 18, 1033),
(117, 18, 1034),
(118, 19, 1035),
(119, 19, 1036),
(120, 19, 1037),
(121, 20, 4),
(122, 20, 4),
(123, 20, 15),
(124, 20, 16),
(125, 20, 1028),
(126, 20, 1038),
(127, 21, 15),
(128, 21, 15),
(129, 21, 17),
(130, 21, 17),
(131, 21, 1037),
(132, 21, 1039),
(133, 21, 1040),
(134, 22, 20),
(135, 22, 20),
(136, 22, 20),
(137, 22, 20),
(138, 22, 20),
(139, 22, 20),
(140, 22, 20),
(141, 22, 20),
(142, 22, 20),
(143, 22, 1041),
(144, 22, 1042),
(145, 23, 10),
(146, 23, 25),
(147, 23, 25),
(148, 23, 25),
(149, 23, 27),
(150, 23, 27),
(151, 23, 27),
(152, 23, 28),
(153, 23, 1013),
(154, 23, 1043),
(155, 24, 22),
(156, 24, 23),
(157, 24, 23),
(158, 24, 23),
(159, 24, 26),
(160, 24, 1044),
(161, 24, 1045),
(162, 25, 5),
(163, 25, 9),
(164, 25, 10),
(165, 25, 25),
(166, 25, 1046),
(167, 25, 1047),
(168, 26, 9),
(169, 26, 9),
(170, 26, 1003),
(171, 26, 1021),
(172, 26, 1048),
(173, 27, 15),
(174, 27, 15),
(175, 27, 1006),
(176, 27, 1049),
(177, 27, 1050),
(178, 28, 15),
(179, 28, 15),
(180, 28, 15),
(181, 28, 17),
(182, 28, 17),
(183, 28, 17),
(184, 28, 18),
(185, 28, 1041),
(186, 28, 1051),
(187, 29, 4),
(188, 29, 7),
(189, 29, 8),
(190, 29, 1052),
(191, 29, 1053),
(192, 29, 1054),
(193, 30, 4),
(194, 30, 4),
(195, 30, 4),
(196, 30, 4),
(197, 30, 1055),
(198, 31, 8),
(199, 31, 15),
(200, 31, 15),
(201, 31, 15),
(202, 31, 15),
(203, 31, 17),
(204, 31, 18),
(205, 31, 1022),
(206, 31, 1056),
(207, 32, 17),
(208, 32, 17),
(209, 32, 17),
(210, 32, 17),
(211, 32, 20),
(212, 32, 1028),
(213, 32, 1057),
(214, 32, 1058),
(215, 33, 23),
(216, 33, 27),
(217, 33, 28),
(218, 33, 1001),
(219, 33, 1013),
(220, 33, 1059),
(221, 34, 1060),
(222, 34, 1061),
(223, 34, 1062),
(224, 35, 1013),
(225, 35, 1063),
(226, 35, 1064),
(227, 36, 24),
(228, 36, 26),
(229, 36, 27),
(230, 36, 27),
(231, 36, 27),
(232, 36, 27),
(233, 36, 27),
(234, 36, 28),
(235, 36, 1065),
(236, 36, 1066),
(237, 37, 1067),
(238, 37, 1068),
(239, 37, 1068),
(240, 38, 24),
(241, 38, 26),
(242, 38, 27),
(243, 38, 27),
(244, 38, 27),
(245, 38, 27),
(246, 38, 27),
(247, 38, 28),
(248, 38, 1027),
(249, 38, 1069),
(250, 39, 9),
(251, 39, 9),
(252, 39, 9),
(253, 39, 9),
(254, 39, 9),
(255, 39, 9),
(256, 39, 9),
(257, 39, 9),
(258, 39, 27),
(259, 39, 28),
(260, 39, 1070),
(261, 39, 1071),
(262, 40, 1072),
(263, 40, 1073),
(264, 40, 1074),
(265, 41, 15),
(266, 41, 15),
(267, 41, 16),
(268, 41, 1028),
(269, 41, 1075),
(270, 41, 1076),
(271, 42, 15),
(272, 42, 15),
(273, 42, 17),
(274, 42, 17),
(275, 42, 1077),
(276, 42, 1078),
(277, 42, 1079),
(278, 43, 24),
(279, 43, 26),
(280, 43, 27),
(281, 43, 27),
(282, 43, 27),
(283, 43, 27),
(284, 43, 27),
(285, 43, 28),
(286, 43, 1080),
(287, 43, 1081),
(288, 44, 15),
(289, 44, 15),
(290, 44, 15),
(291, 44, 17),
(292, 44, 17),
(293, 44, 17),
(294, 44, 1082),
(295, 44, 1083),
(296, 45, 24),
(297, 45, 25),
(298, 45, 25),
(299, 45, 25),
(300, 45, 27),
(301, 45, 27),
(302, 45, 27),
(303, 45, 28),
(304, 45, 1084),
(305, 45, 1085),
(306, 46, 9),
(307, 46, 9),
(308, 46, 9),
(309, 46, 10),
(310, 46, 25),
(311, 46, 25),
(312, 46, 1086),
(313, 46, 1087),
(314, 46, 1087),
(315, 47, 9),
(316, 47, 9),
(317, 47, 9),
(318, 47, 9),
(319, 47, 1002),
(320, 47, 1088),
(321, 47, 1089),
(322, 48, 1),
(323, 48, 2),
(324, 48, 4),
(325, 48, 8),
(326, 48, 16),
(327, 48, 18),
(328, 48, 21),
(329, 48, 1090),
(330, 49, 1033),
(331, 49, 1091),
(332, 49, 1092),
(333, 50, 15),
(334, 50, 15),
(335, 50, 16),
(336, 50, 20),
(337, 50, 20),
(338, 50, 20),
(339, 50, 20),
(340, 50, 1082),
(341, 50, 1083),
(342, 51, 5),
(343, 51, 1001),
(344, 51, 1003),
(345, 51, 1003),
(346, 52, 1003),
(347, 52, 1003),
(348, 52, 1021),
(349, 52, 1093),
(350, 53, 1027),
(351, 53, 1094),
(352, 53, 1095),
(353, 54, 1027),
(354, 54, 1096),
(355, 54, 1097),
(356, 55, 23),
(357, 55, 27),
(358, 55, 27),
(359, 55, 28),
(360, 55, 1002),
(361, 55, 1003),
(362, 55, 1098),
(363, 56, 1003),
(364, 56, 1003),
(365, 56, 1003),
(366, 56, 1099),
(367, 57, 15),
(368, 57, 15),
(369, 57, 16),
(370, 57, 20),
(371, 57, 20),
(372, 57, 20),
(373, 57, 1100),
(374, 57, 1101),
(375, 58, 1003),
(376, 58, 1003),
(377, 58, 1102),
(378, 58, 1103),
(379, 59, 2),
(380, 59, 8),
(381, 59, 18),
(382, 59, 20),
(383, 59, 20),
(384, 59, 1006),
(385, 59, 1104),
(386, 60, 1),
(387, 60, 8),
(388, 60, 1105),
(389, 60, 1106),
(390, 60, 1107),
(391, 61, 10),
(392, 61, 27),
(393, 61, 27),
(394, 61, 27),
(395, 61, 1047),
(396, 61, 1108),
(397, 61, 1109),
(398, 62, 15),
(399, 62, 16),
(400, 62, 17),
(401, 62, 17),
(402, 62, 18),
(403, 62, 1110),
(404, 62, 1111),
(405, 63, 12),
(406, 63, 12),
(407, 63, 15),
(408, 63, 15),
(409, 63, 15),
(410, 63, 15),
(411, 63, 15),
(412, 63, 15),
(413, 63, 15),
(414, 63, 15),
(415, 63, 1112),
(416, 64, 1113),
(417, 64, 1114),
(418, 64, 1115),
(419, 65, 1003),
(420, 65, 1003),
(421, 65, 1003),
(422, 65, 1116),
(423, 66, 1002),
(424, 66, 1003),
(425, 66, 1003),
(426, 66, 1093),
(427, 67, 5),
(428, 67, 1001),
(429, 67, 1047),
(430, 67, 1117),
(431, 68, 15),
(432, 68, 15),
(433, 68, 15),
(434, 68, 1118),
(435, 68, 1119),
(436, 68, 1120),
(437, 69, 3),
(438, 69, 3),
(439, 69, 7),
(440, 69, 7),
(441, 69, 17),
(442, 69, 17),
(443, 69, 17),
(444, 69, 1017),
(445, 69, 1022),
(446, 69, 1121),
(447, 70, 7),
(448, 70, 7),
(449, 70, 7),
(450, 70, 15),
(451, 70, 17),
(452, 70, 17),
(453, 70, 17),
(454, 70, 1004),
(455, 70, 1122),
(456, 70, 1123),
(457, 70, 1123),
(458, 71, 9),
(459, 71, 9),
(460, 71, 9),
(461, 71, 9),
(462, 71, 10),
(463, 71, 22),
(464, 71, 1124),
(465, 71, 1125),
(466, 72, 2),
(467, 72, 2),
(468, 72, 35),
(469, 72, 35),
(470, 72, 37),
(471, 72, 37),
(472, 72, 40),
(473, 72, 1129),
(474, 72, 1130),
(475, 72, 1130),
(476, 73, 5),
(477, 73, 5),
(478, 73, 27),
(479, 73, 27),
(480, 73, 28),
(481, 73, 30),
(482, 73, 43),
(483, 73, 43),
(484, 74, 6),
(485, 74, 9),
(486, 74, 9),
(487, 74, 9),
(488, 74, 9),
(489, 74, 13),
(490, 74, 30),
(491, 75, 1),
(492, 75, 4),
(493, 75, 4),
(494, 75, 4),
(495, 75, 4),
(496, 75, 11),
(497, 75, 11),
(498, 75, 15),
(499, 75, 15),
(500, 75, 15),
(501, 75, 15),
(502, 75, 38),
(503, 76, 12),
(504, 76, 12),
(505, 76, 15),
(506, 76, 15),
(507, 76, 15),
(508, 76, 15),
(509, 76, 15),
(510, 76, 15),
(511, 76, 34),
(512, 76, 38),
(513, 77, 16),
(514, 77, 17),
(515, 77, 17),
(516, 77, 1075),
(517, 77, 1079),
(518, 77, 1131),
(519, 78, 9),
(520, 78, 9),
(521, 78, 9),
(522, 78, 9),
(523, 78, 9),
(524, 78, 9),
(525, 78, 9),
(526, 78, 10),
(527, 78, 28),
(528, 78, 1132),
(529, 78, 1133),
(530, 79, 17),
(531, 79, 18),
(532, 79, 1134),
(533, 79, 1135),
(534, 79, 1136),
(535, 79, 1137),
(536, 80, 9),
(537, 80, 9),
(538, 80, 10),
(539, 80, 22),
(540, 80, 23),
(541, 80, 25),
(542, 80, 26),
(543, 80, 1138),
(544, 80, 1139),
(545, 81, 46),
(546, 81, 48),
(547, 81, 50),
(548, 81, 1140),
(549, 81, 1141),
(550, 82, 1142),
(551, 82, 1143),
(552, 82, 1144),
(553, 82, 1145),
(554, 83, 16),
(555, 83, 19),
(556, 83, 21),
(557, 83, 38),
(558, 83, 1146),
(559, 83, 1147),
(560, 83, 1148),
(561, 84, 36),
(562, 84, 1149),
(563, 84, 1150),
(564, 84, 1150),
(565, 84, 1151),
(566, 84, 1152),
(567, 85, 5),
(568, 85, 5),
(569, 85, 9),
(570, 85, 9),
(571, 85, 9),
(572, 85, 1153),
(573, 85, 1154),
(574, 86, 1002),
(575, 86, 1003),
(576, 86, 1142),
(577, 86, 1155),
(578, 87, 23),
(579, 87, 23),
(580, 87, 27),
(581, 87, 27),
(582, 87, 28),
(583, 87, 1003),
(584, 87, 1003),
(585, 87, 1003),
(586, 87, 1156),
(587, 88, 9),
(588, 88, 10),
(589, 88, 44),
(590, 88, 50),
(591, 88, 51),
(592, 88, 1157),
(593, 88, 1158),
(594, 88, 1159),
(595, 89, 23),
(596, 89, 28),
(597, 89, 43),
(598, 89, 43),
(599, 89, 50),
(600, 89, 1162),
(601, 89, 1163),
(602, 90, 9),
(603, 90, 9),
(604, 90, 9),
(605, 90, 22),
(606, 90, 23),
(607, 90, 27),
(608, 90, 27),
(609, 90, 28),
(610, 90, 49),
(611, 90, 1164),
(612, 90, 1165),
(613, 91, 23),
(614, 91, 24),
(615, 91, 27),
(616, 91, 27),
(617, 91, 28),
(618, 91, 43),
(619, 91, 1166),
(620, 91, 1167),
(621, 92, 37),
(622, 92, 37),
(623, 92, 37),
(624, 92, 37),
(625, 92, 1151),
(626, 92, 1160),
(627, 92, 1161),
(628, 92, 1168),
(629, 92, 1168),
(630, 93, 9),
(631, 93, 9),
(632, 93, 10),
(633, 93, 25),
(634, 93, 1169),
(635, 93, 1170),
(636, 93, 1171),
(637, 93, 1171),
(638, 94, 36),
(639, 94, 38),
(640, 94, 1172),
(641, 94, 1173),
(642, 95, 22),
(643, 95, 23),
(644, 95, 28),
(645, 95, 43),
(646, 95, 50),
(647, 95, 1163),
(648, 95, 1174),
(649, 96, 7),
(650, 96, 7),
(651, 96, 7),
(652, 96, 7),
(653, 96, 7),
(654, 96, 40),
(655, 96, 1028),
(656, 96, 1148),
(657, 96, 1151),
(658, 96, 1175),
(659, 97, 15),
(660, 97, 15),
(661, 97, 15),
(662, 97, 15),
(663, 97, 39),
(664, 97, 39),
(665, 97, 1146),
(666, 97, 1148),
(667, 97, 1168),
(668, 97, 1168),
(669, 98, 7),
(670, 98, 7),
(671, 98, 7),
(672, 98, 40),
(673, 98, 1176),
(674, 98, 1177),
(675, 98, 1177),
(676, 99, 15),
(677, 99, 15),
(678, 99, 15),
(679, 99, 17),
(680, 99, 17),
(681, 99, 17),
(682, 99, 17),
(683, 99, 37),
(684, 99, 37),
(685, 99, 40),
(686, 99, 1178),
(687, 99, 1179),
(688, 99, 1179),
(689, 100, 5),
(690, 100, 24),
(691, 100, 28),
(692, 100, 43),
(693, 100, 43),
(694, 100, 50),
(695, 100, 1001),
(696, 100, 1180),
(697, 101, 5),
(698, 101, 5),
(699, 101, 24),
(700, 101, 26),
(701, 101, 44),
(702, 101, 50),
(703, 101, 1181),
(704, 102, 37),
(705, 102, 37),
(706, 102, 1182),
(707, 102, 1183),
(708, 102, 1184),
(709, 103, 1185),
(710, 103, 1186),
(711, 103, 1186),
(712, 103, 1187),
(713, 103, 1188),
(714, 104, 9),
(715, 104, 9),
(716, 104, 10),
(717, 104, 27),
(718, 104, 27),
(719, 104, 27),
(720, 104, 28),
(721, 104, 43),
(722, 104, 43),
(723, 104, 1189),
(724, 104, 1190),
(725, 104, 1191),
(726, 105, 1192),
(727, 105, 1193),
(728, 105, 1194),
(729, 105, 1194),
(730, 106, 9),
(731, 106, 9),
(732, 106, 9),
(733, 106, 9),
(734, 106, 9),
(735, 106, 9),
(736, 106, 10),
(737, 106, 22),
(738, 106, 24),
(739, 106, 25),
(740, 106, 25),
(741, 106, 25),
(742, 106, 1085),
(743, 106, 1195),
(744, 107, 25),
(745, 107, 25),
(746, 107, 27),
(747, 107, 46),
(748, 107, 48),
(749, 107, 1196),
(750, 107, 1197),
(751, 108, 15),
(752, 108, 15),
(753, 108, 15),
(754, 108, 16),
(755, 108, 36),
(756, 108, 38),
(757, 108, 1198),
(758, 108, 1199),
(759, 109, 9),
(760, 109, 9),
(761, 109, 9),
(762, 109, 24),
(763, 109, 25),
(764, 109, 25),
(765, 109, 27),
(766, 109, 28),
(767, 109, 1002),
(768, 109, 1200),
(769, 109, 1201),
(770, 110, 23),
(771, 110, 23),
(772, 110, 27),
(773, 110, 27),
(774, 110, 27),
(775, 110, 28),
(776, 110, 49),
(777, 110, 1202),
(778, 110, 1203),
(779, 111, 27),
(780, 111, 27),
(781, 111, 28),
(782, 111, 1191),
(783, 111, 1204),
(784, 111, 1205),
(785, 112, 8),
(786, 112, 21),
(787, 112, 36),
(788, 112, 37),
(789, 112, 37),
(790, 112, 1022),
(791, 112, 1206),
(792, 112, 1207),
(793, 112, 1208),
(794, 113, 1209),
(795, 113, 1209),
(796, 113, 1210),
(797, 114, 5),
(798, 114, 5),
(799, 114, 9),
(800, 114, 9),
(801, 114, 1211),
(802, 114, 1212),
(803, 115, 23),
(804, 115, 23),
(805, 115, 27),
(806, 115, 27),
(807, 115, 28),
(808, 115, 50),
(809, 115, 52),
(810, 115, 1202),
(811, 115, 1213),
(812, 116, 9),
(813, 116, 9),
(814, 116, 9),
(815, 116, 9),
(816, 116, 9),
(817, 116, 9),
(818, 116, 27),
(819, 116, 27),
(820, 116, 1064),
(821, 116, 1214),
(822, 116, 1215),
(823, 116, 1215),
(824, 117, 9),
(825, 117, 9),
(826, 117, 27),
(827, 117, 27),
(828, 117, 27),
(829, 117, 28),
(830, 117, 43),
(831, 117, 43),
(832, 117, 49),
(833, 117, 50),
(834, 117, 1216),
(835, 117, 1217),
(836, 117, 1217),
(837, 118, 36),
(838, 118, 1208),
(839, 118, 1218),
(840, 118, 1219),
(841, 118, 1220),
(842, 118, 1221),
(843, 119, 22),
(844, 119, 23),
(845, 119, 23),
(846, 119, 26),
(847, 119, 1222),
(848, 119, 1223),
(849, 120, 8),
(850, 120, 38),
(851, 120, 1168),
(852, 120, 1224),
(853, 120, 1225),
(854, 120, 1226),
(855, 121, 7),
(856, 121, 7),
(857, 121, 7),
(858, 121, 7),
(859, 121, 8),
(860, 121, 19),
(861, 121, 40),
(862, 121, 1227),
(863, 121, 1228),
(864, 121, 1229),
(865, 122, 25),
(866, 122, 25),
(867, 122, 28),
(868, 122, 44),
(869, 122, 46),
(870, 122, 1191),
(871, 122, 1230),
(872, 122, 1231),
(873, 104, 49),
(874, 123, 7),
(875, 123, 7),
(876, 123, 7),
(877, 123, 7),
(878, 123, 8),
(879, 123, 19),
(880, 123, 21),
(881, 123, 1226),
(882, 123, 1232),
(883, 123, 1233),
(884, 123, 1234),
(885, 124, 8),
(886, 124, 17),
(887, 124, 37),
(888, 124, 37),
(889, 124, 1079),
(890, 124, 1168),
(891, 124, 1226),
(892, 124, 1235),
(893, 125, 25),
(894, 125, 25),
(895, 125, 28),
(896, 125, 44),
(897, 125, 46),
(898, 125, 1231),
(899, 125, 1236),
(900, 125, 1237),
(901, 126, 19),
(902, 126, 21),
(903, 126, 38),
(904, 126, 1168),
(905, 126, 1225),
(906, 126, 1234),
(907, 126, 1238),
(908, 126, 1239);

-- --------------------------------------------------------

--
-- Table structure for table `lists`
--

CREATE TABLE IF NOT EXISTS `lists` (
`id` smallint(6) NOT NULL,
  `nickname` varchar(50) DEFAULT NULL,
  `build_ids` varchar(64) NOT NULL
) ENGINE=MyISAM  DEFAULT CHARSET=utf8 AUTO_INCREMENT=127 ;

--
-- Dumping data for table `lists`
--

INSERT INTO `lists` (`id`, `nickname`, `build_ids`) VALUES
(1, NULL, '1001,1002,1003,1003'),
(2, NULL, '1,15,15,16,1004,1005'),
(3, NULL, '1006,1007,1008,1009'),
(4, NULL, '1010,1011,1012'),
(5, NULL, '9,9,9,9,10,1001,1003,1013'),
(6, NULL, '5,14,14,1001'),
(7, NULL, '9,9,9,10,25,25,25,28,1013,1014'),
(8, NULL, '9,9,9,9,9,1015,1016'),
(9, NULL, '1,1,4,4,15,15,1017'),
(10, NULL, '9,9,9,9,1003,1013,1019'),
(11, NULL, '9,9,9,9,22,1003,1020,1021'),
(12, NULL, '7,8,15,15,15,17,18,1022,1023'),
(13, NULL, '9,9,9,9,27,27,27,27,28,1024,1025'),
(14, NULL, '9,10,23,23,25,25,26,1026,1027'),
(15, NULL, '1,1,1,1028,1029'),
(16, NULL, '14,14,1001,1030'),
(17, NULL, '4,1028,1031,1032'),
(18, NULL, '22,24,26,1020,1033,1034'),
(19, NULL, '1035,1036,1037'),
(20, NULL, '4,4,15,16,1028,1038'),
(21, NULL, '15,15,17,17,1037,1039,1040'),
(22, NULL, '20,20,20,20,20,20,20,20,20,1041,1042'),
(23, NULL, '10,25,25,25,27,27,27,28,1013,1043'),
(24, NULL, '22,23,23,23,26,1044,1045'),
(25, NULL, '5,9,10,25,1046,1047'),
(26, NULL, '9,9,1003,1021,1048'),
(27, NULL, '15,15,1006,1049,1050'),
(28, NULL, '15,15,15,17,17,17,18,1041,1051'),
(29, NULL, '4,7,8,1052,1053,1054'),
(30, NULL, '4,4,4,4,1055'),
(31, NULL, '8,15,15,15,15,17,18,1022,1056'),
(32, NULL, '17,17,17,17,20,1028,1057,1058'),
(33, NULL, '23,27,28,1001,1013,1059'),
(34, NULL, '1060,1061,1062'),
(35, NULL, '1013,1063,1064'),
(36, NULL, '24,26,27,27,27,27,27,28,1065,1066'),
(37, NULL, '1067,1068,1068'),
(38, NULL, '24,26,27,27,27,27,27,28,1027,1069'),
(39, NULL, '9,9,9,9,9,9,9,9,27,28,1070,1071'),
(40, NULL, '1072,1073,1074'),
(41, NULL, '15,15,16,1028,1075,1076'),
(42, NULL, '15,15,17,17,1077,1078,1079'),
(43, NULL, '24,26,27,27,27,27,27,28,1080,1081'),
(44, NULL, '15,15,15,17,17,17,1082,1083'),
(45, NULL, '24,25,25,25,27,27,27,28,1084,1085'),
(46, NULL, '9,9,9,10,25,25,1086,1087,1087'),
(47, NULL, '9,9,9,9,1002,1088,1089'),
(48, NULL, '1,2,4,8,16,18,21,1090'),
(49, NULL, '1033,1091,1092'),
(50, NULL, '15,15,16,20,20,20,20,1082,1083'),
(51, NULL, '5,1001,1003,1003'),
(52, NULL, '1003,1003,1021,1093'),
(53, NULL, '1027,1094,1095'),
(54, NULL, '1027,1096,1097'),
(55, NULL, '23,27,27,28,1002,1003,1098'),
(56, NULL, '1003,1003,1003,1099'),
(57, NULL, '15,15,16,20,20,20,1100,1101'),
(58, NULL, '1003,1003,1102,1103'),
(59, NULL, '2,8,18,20,20,1006,1104'),
(60, NULL, '1,8,1105,1106,1107'),
(61, NULL, '10,27,27,27,1047,1108,1109'),
(62, NULL, '15,16,17,17,18,1110,1111'),
(63, NULL, '12,12,15,15,15,15,15,15,15,15,1112'),
(64, NULL, '1113,1114,1115'),
(65, NULL, '1003,1003,1003,1116'),
(66, NULL, '1002,1003,1003,1093'),
(67, NULL, '5,1001,1047,1117'),
(68, NULL, '15,15,15,1118,1119,1120'),
(69, NULL, '3,3,7,7,17,17,17,1017,1022,1121'),
(70, NULL, '7,7,7,15,17,17,17,1004,1122,1123,1123'),
(71, NULL, '9,9,9,9,10,22,1124,1125'),
(72, NULL, '2,2,35,35,37,37,40,1129,1130,1130'),
(73, NULL, '5,5,27,27,28,30,43,43'),
(74, NULL, '6,9,9,9,9,13,30'),
(75, NULL, '1,4,4,4,4,11,11,15,15,15,15,38'),
(76, NULL, '12,12,15,15,15,15,15,15,34,38'),
(77, NULL, '16,17,17,1075,1079,1131'),
(78, NULL, '9,9,9,9,9,9,9,10,28,1132,1133'),
(79, NULL, '17,18,1134,1135,1136,1137'),
(80, NULL, '9,9,10,22,23,25,26,1138,1139'),
(81, NULL, '46,48,50,1140,1141'),
(82, NULL, '1142,1143,1144,1145'),
(83, NULL, '16,19,21,38,1146,1147,1148'),
(84, NULL, '36,1149,1150,1150,1151,1152'),
(85, NULL, '5,5,9,9,9,1153,1154'),
(86, NULL, '1002,1003,1142,1155'),
(87, NULL, '23,23,27,27,28,1003,1003,1003,1156'),
(88, NULL, '9,10,44,50,51,1157,1158,1159'),
(89, NULL, '23,28,43,43,50,1162,1163'),
(90, NULL, '9,9,9,22,23,27,27,28,49,1164,1165'),
(91, NULL, '23,24,27,27,28,43,1166,1167'),
(92, NULL, '37,37,37,37,1151,1160,1161,1168,1168'),
(93, NULL, '9,9,10,25,1169,1170,1171,1171'),
(94, NULL, '36,38,1172,1173'),
(95, NULL, '22,23,28,43,50,1163,1174'),
(96, NULL, '7,7,7,7,7,40,1028,1148,1151,1175'),
(97, NULL, '15,15,15,15,39,39,1146,1148,1168,1168'),
(98, NULL, '7,7,7,40,1176,1177,1177'),
(99, NULL, '15,15,15,17,17,17,17,37,37,40,1178,1179,1179'),
(100, NULL, '5,24,28,43,43,50,1001,1180'),
(101, NULL, '5,5,24,26,44,50,1181'),
(102, NULL, '37,37,1182,1183,1184'),
(103, NULL, '1185,1186,1186,1187,1188'),
(104, NULL, '9,9,10,27,27,27,28,43,43,49,1189,1190,1191'),
(105, NULL, '1192,1193,1194,1194'),
(106, NULL, '9,9,9,9,9,9,10,22,24,25,25,25,1085,1195'),
(107, NULL, '25,25,27,46,48,1196,1197'),
(108, NULL, '15,15,15,16,36,38,1198,1199'),
(109, NULL, '9,9,9,24,25,25,27,28,1002,1200,1201'),
(110, NULL, '23,23,27,27,27,28,49,1202,1203'),
(111, NULL, '27,27,28,1191,1204,1205'),
(112, NULL, '8,21,36,37,37,1022,1206,1207,1208'),
(113, NULL, '1209,1209,1210'),
(114, NULL, '5,5,9,9,1211,1212'),
(115, NULL, '23,23,27,27,28,50,52,1202,1213'),
(116, NULL, '9,9,9,9,9,9,27,27,1064,1214,1215,1215'),
(117, NULL, '9,9,27,27,27,28,43,43,49,50,1216,1217,1217'),
(118, NULL, '36,1208,1218,1219,1220,1221'),
(119, NULL, '22,23,23,26,1222,1223'),
(120, NULL, '8,38,1168,1224,1225,1226'),
(121, NULL, '7,7,7,7,8,19,40,1227,1228,1229'),
(122, NULL, '25,25,28,44,46,1191,1230,1231'),
(123, NULL, '7,7,7,7,8,19,21,1226,1232,1233,1234'),
(124, NULL, '8,17,37,37,1079,1168,1226,1235'),
(125, NULL, '25,25,28,44,46,1231,1236,1237'),
(126, NULL, '19,21,38,1168,1225,1234,1238,1239');

-- --------------------------------------------------------

--
-- Table structure for table `placing`
--

CREATE TABLE IF NOT EXISTS `placing` (
`id` int(11) NOT NULL,
  `tournament_id` smallint(6) NOT NULL,
  `list_id` smallint(6) NOT NULL,
  `points` decimal(2,1) NOT NULL
) ENGINE=MyISAM  DEFAULT CHARSET=utf8 AUTO_INCREMENT=134 ;

--
-- Dumping data for table `placing`
--

INSERT INTO `placing` (`id`, `tournament_id`, `list_id`, `points`) VALUES
(1, 1, 1, '5.0'),
(2, 1, 2, '4.0'),
(3, 2, 3, '5.0'),
(4, 2, 4, '4.0'),
(5, 3, 5, '5.0'),
(6, 1, 6, '3.0'),
(7, 4, 7, '5.0'),
(8, 5, 8, '5.0'),
(9, 6, 9, '5.0'),
(10, 6, 10, '4.0'),
(11, 7, 11, '5.0'),
(12, 6, 12, '3.0'),
(13, 8, 13, '5.0'),
(14, 9, 14, '5.0'),
(15, 10, 15, '5.0'),
(16, 11, 16, '5.0'),
(17, 11, 17, '4.0'),
(18, 12, 18, '5.0'),
(19, 12, 19, '4.0'),
(20, 12, 20, '3.0'),
(21, 13, 21, '5.0'),
(22, 14, 22, '5.0'),
(23, 15, 23, '5.0'),
(24, 16, 24, '5.0'),
(25, 13, 25, '4.0'),
(26, 17, 26, '5.0'),
(27, 17, 27, '4.0'),
(28, 18, 28, '5.0'),
(29, 19, 29, '5.0'),
(30, 19, 30, '4.0'),
(31, 20, 31, '5.0'),
(32, 21, 32, '3.0'),
(33, 21, 33, '5.0'),
(34, 22, 34, '5.0'),
(35, 22, 35, '4.0'),
(36, 23, 36, '5.0'),
(37, 23, 37, '4.0'),
(38, 24, 38, '5.0'),
(39, 24, 39, '4.0'),
(40, 25, 40, '5.0'),
(41, 25, 41, '4.0'),
(42, 26, 42, '5.0'),
(43, 27, 42, '5.0'),
(44, 28, 43, '5.0'),
(45, 28, 44, '4.0'),
(46, 29, 45, '5.0'),
(47, 29, 46, '4.0'),
(48, 29, 47, '3.0'),
(49, 29, 48, '3.0'),
(50, 21, 49, '4.0'),
(51, 31, 43, '5.0'),
(52, 31, 50, '4.0'),
(53, 32, 51, '5.0'),
(54, 33, 52, '5.0'),
(55, 38, 53, '5.0'),
(56, 37, 54, '5.0'),
(57, 39, 55, '5.0'),
(58, 41, 56, '5.0'),
(59, 41, 15, '4.0'),
(60, 41, 57, '3.0'),
(61, 41, 58, '3.0'),
(62, 41, 59, '2.0'),
(63, 41, 60, '2.0'),
(64, 43, 61, '5.0'),
(65, 43, 62, '4.0'),
(66, 44, 63, '5.0'),
(67, 44, 64, '2.0'),
(68, 44, 65, '3.0'),
(69, 44, 1, '3.0'),
(70, 44, 66, '2.0'),
(71, 44, 67, '4.0'),
(72, 44, 68, '2.0'),
(73, 45, 69, '5.0'),
(74, 45, 70, '4.0'),
(75, 45, 71, '3.0'),
(76, 46, 72, '5.0'),
(77, 46, 73, '4.0'),
(78, 46, 74, '3.0'),
(79, 46, 75, '3.0'),
(80, 46, 76, '2.0'),
(81, 47, 77, '5.0'),
(82, 47, 78, '4.0'),
(83, 47, 79, '3.0'),
(84, 47, 80, '3.0'),
(85, 47, 80, '3.0'),
(86, 49, 81, '5.0'),
(87, 49, 82, '4.0'),
(88, 49, 83, '3.0'),
(89, 49, 84, '3.0'),
(90, 49, 85, '2.0'),
(91, 49, 86, '2.0'),
(92, 49, 87, '2.0'),
(93, 49, 88, '2.0'),
(94, 52, 89, '5.0'),
(95, 53, 90, '5.0'),
(96, 53, 91, '4.0'),
(97, 51, 92, '5.0'),
(98, 51, 93, '4.0'),
(99, 51, 94, '3.0'),
(100, 51, 95, '3.0'),
(101, 56, 96, '5.0'),
(102, 56, 97, '4.0'),
(103, 57, 98, '5.0'),
(104, 54, 99, '5.0'),
(105, 54, 100, '4.0'),
(106, 54, 101, '3.0'),
(107, 54, 102, '3.0'),
(108, 59, 103, '5.0'),
(109, 58, 104, '5.0'),
(110, 62, 105, '5.0'),
(111, 62, 106, '4.0'),
(112, 62, 107, '3.0'),
(113, 62, 108, '3.0'),
(114, 62, 109, '2.0'),
(115, 63, 110, '5.0'),
(116, 63, 111, '4.0'),
(117, 63, 112, '3.0'),
(118, 63, 113, '2.0'),
(119, 63, 114, '2.0'),
(120, 63, 115, '2.0'),
(121, 59, 116, '4.0'),
(122, 59, 117, '3.0'),
(123, 59, 118, '3.0'),
(124, 64, 119, '5.0'),
(125, 64, 119, '5.0'),
(126, 64, 1, '5.0'),
(127, 67, 120, '4.0'),
(128, 67, 121, '3.0'),
(129, 67, 122, '5.0'),
(130, 68, 123, '5.0'),
(131, 68, 124, '4.0'),
(132, 68, 125, '3.0'),
(133, 68, 126, '3.0');

-- --------------------------------------------------------

--
-- Table structure for table `ships`
--

CREATE TABLE IF NOT EXISTS `ships` (
`id` smallint(6) NOT NULL,
  `name` varchar(36) NOT NULL,
  `cost` tinyint(4) NOT NULL,
  `skill` tinyint(4) DEFAULT NULL,
  `attack` tinyint(4) DEFAULT NULL,
  `command` tinyint(4) DEFAULT NULL,
  `squadron` tinyint(4) DEFAULT NULL,
  `engineering` tinyint(4) DEFAULT NULL,
  `upgrades` varchar(16) DEFAULT NULL,
  `faction` tinyint(4) NOT NULL DEFAULT '3',
  `ability` varchar(250) DEFAULT NULL,
  `unique` tinyint(1) DEFAULT '0',
  `fighter` tinyint(4) NOT NULL DEFAULT '0'
) ENGINE=MyISAM  DEFAULT CHARSET=utf8 AUTO_INCREMENT=53 ;

--
-- Dumping data for table `ships`
--

INSERT INTO `ships` (`id`, `name`, `cost`, `skill`, `attack`, `command`, `squadron`, `engineering`, `upgrades`, `faction`, `ability`, `unique`, `fighter`) VALUES
(1, 'CR90 Corvette A', 44, NULL, NULL, NULL, NULL, NULL, NULL, 1, NULL, 0, 0),
(2, 'CR90 Corvette B', 39, NULL, NULL, NULL, NULL, NULL, NULL, 1, NULL, 0, 0),
(3, 'Nebulon-B Escort Frigate', 57, NULL, NULL, NULL, NULL, NULL, NULL, 1, NULL, 0, 0),
(4, 'Nebulon-B Support Refit', 51, NULL, NULL, NULL, NULL, NULL, NULL, 1, NULL, 0, 0),
(5, 'Victory I-class Star Destroyer', 73, NULL, NULL, NULL, NULL, NULL, NULL, 2, NULL, 0, 0),
(6, 'Victory II-class Star Destroyer', 85, NULL, NULL, NULL, NULL, NULL, NULL, 2, NULL, 0, 0),
(7, 'X-wing Squadron', 13, NULL, NULL, NULL, NULL, NULL, NULL, 1, NULL, 0, 1),
(8, 'Luke Skywalker', 20, NULL, NULL, NULL, NULL, NULL, NULL, 1, NULL, 0, 1),
(9, 'TIE Fighter Squadron', 8, NULL, NULL, NULL, NULL, NULL, NULL, 2, NULL, 0, 1),
(10, '"Howlrunner"', 16, NULL, NULL, NULL, NULL, NULL, NULL, 2, NULL, 0, 1),
(11, 'Assault Frigate Mark II A', 81, NULL, NULL, NULL, NULL, NULL, NULL, 1, NULL, 0, 0),
(12, 'Assault Frigate Mark II B', 72, NULL, NULL, NULL, NULL, NULL, NULL, 1, NULL, 0, 0),
(13, 'Gladiator I-class Star Destroyer', 56, NULL, NULL, NULL, NULL, NULL, NULL, 2, NULL, 0, 0),
(14, 'Gladiator II-class Star Destroyer', 62, NULL, NULL, NULL, NULL, NULL, NULL, 2, NULL, 0, 0),
(15, 'A-wing Squadron', 11, NULL, NULL, NULL, NULL, NULL, NULL, 1, NULL, 0, 1),
(16, 'Tycho Celchu', 16, NULL, NULL, NULL, NULL, NULL, NULL, 1, NULL, 0, 1),
(17, 'B-wing Squadron', 14, NULL, NULL, NULL, NULL, NULL, NULL, 1, NULL, 0, 1),
(18, 'Keyan Farlander', 20, NULL, NULL, NULL, NULL, NULL, NULL, 1, NULL, 0, 1),
(19, 'Wedge Antilles', 19, NULL, NULL, NULL, NULL, NULL, NULL, 1, NULL, 0, 1),
(20, 'Y-wing Squadron', 10, NULL, NULL, NULL, NULL, NULL, NULL, 1, NULL, 0, 1),
(21, '"Dutch" Vander', 16, NULL, NULL, NULL, NULL, NULL, NULL, 1, NULL, 0, 1),
(22, '"Mauler" Mithel', 15, NULL, NULL, NULL, NULL, NULL, NULL, 2, NULL, 0, 1),
(23, 'TIE Advanced Squadron', 12, NULL, NULL, NULL, NULL, NULL, NULL, 2, NULL, 0, 1),
(24, 'Darth Vader', 21, NULL, NULL, NULL, NULL, NULL, NULL, 2, NULL, 0, 1),
(25, 'TIE Interceptor Squadron', 11, NULL, NULL, NULL, NULL, NULL, NULL, 2, NULL, 0, 1),
(26, 'Soontir Fel', 18, NULL, NULL, NULL, NULL, NULL, NULL, 2, NULL, 0, 1),
(27, 'TIE Bomber Squadron', 9, NULL, NULL, NULL, NULL, NULL, NULL, 2, NULL, 0, 1),
(28, 'Major Rhymer', 16, NULL, NULL, NULL, NULL, NULL, NULL, 2, NULL, 0, 1),
(29, 'Imperial I-class Star Destroyer', 110, NULL, NULL, NULL, NULL, NULL, NULL, 2, NULL, 0, 0),
(30, 'Imperial II-class Star Destroyer', 120, NULL, NULL, NULL, NULL, NULL, NULL, 2, NULL, 0, 0),
(31, 'MC30c Scout Frigate', 69, NULL, NULL, NULL, NULL, NULL, NULL, 1, NULL, 0, 0),
(32, 'MC30c Torpedo Frigate', 63, NULL, NULL, NULL, NULL, NULL, NULL, 1, NULL, 0, 0),
(33, 'MC80 Assault Cruiser', 114, NULL, NULL, NULL, NULL, NULL, NULL, 1, NULL, 0, 0),
(34, 'MC80 Command Cruiser', 106, NULL, NULL, NULL, NULL, NULL, NULL, 1, NULL, 0, 0),
(35, 'YT-1300', 13, NULL, NULL, NULL, NULL, NULL, NULL, 1, NULL, 0, 1),
(36, 'Han Solo', 26, NULL, NULL, NULL, NULL, NULL, NULL, 1, NULL, 1, 1),
(37, 'YT-2400', 16, NULL, NULL, NULL, NULL, NULL, NULL, 1, NULL, 0, 1),
(38, 'Dash Rendar', 24, NULL, NULL, NULL, NULL, NULL, NULL, 1, NULL, 1, 1),
(39, 'HWK-290', 12, NULL, NULL, NULL, NULL, NULL, NULL, 3, NULL, 0, 1),
(40, 'Jan Ors', 19, NULL, NULL, NULL, NULL, NULL, NULL, 1, NULL, 0, 1),
(41, 'Scurrg H-6', 16, NULL, NULL, NULL, NULL, NULL, NULL, 1, NULL, 0, 1),
(42, 'Nym Havoc', 21, NULL, NULL, NULL, NULL, NULL, NULL, 1, NULL, 1, 1),
(43, 'Firespray-31', 18, NULL, NULL, NULL, NULL, NULL, NULL, 2, NULL, 0, 1),
(44, 'Boba Fett', 26, NULL, NULL, NULL, NULL, NULL, NULL, 2, NULL, 1, 1),
(45, 'YV-666', 15, NULL, NULL, NULL, NULL, NULL, NULL, 2, NULL, 0, 1),
(46, 'Bossk', 23, NULL, NULL, NULL, NULL, NULL, NULL, 2, NULL, 1, 1),
(47, 'Aggressor', 16, NULL, NULL, NULL, NULL, NULL, NULL, 2, NULL, 0, 1),
(48, 'IG-88', 21, NULL, NULL, NULL, NULL, NULL, NULL, 2, NULL, 1, 1),
(49, 'JumpMaster 5000', 12, NULL, NULL, NULL, NULL, NULL, NULL, 2, NULL, 0, 1),
(50, 'Dengar', 20, NULL, NULL, NULL, NULL, NULL, NULL, 2, NULL, 1, 1),
(51, 'Raider I-class Corvette', 44, NULL, NULL, NULL, NULL, NULL, NULL, 2, NULL, 0, 0),
(52, 'Raider II-class Corvette', 48, NULL, NULL, NULL, NULL, NULL, NULL, 2, NULL, 0, 0);

-- --------------------------------------------------------

--
-- Table structure for table `tournaments`
--

CREATE TABLE IF NOT EXISTS `tournaments` (
`id` smallint(6) NOT NULL,
  `date` date NOT NULL,
  `attendance` smallint(4) NOT NULL,
  `venue` varchar(64) NOT NULL,
  `city` varchar(32) NOT NULL,
  `country` varchar(2) NOT NULL
) ENGINE=MyISAM  DEFAULT CHARSET=utf8 AUTO_INCREMENT=69 ;

--
-- Dumping data for table `tournaments`
--

INSERT INTO `tournaments` (`id`, `date`, `attendance`, `venue`, `city`, `country`) VALUES
(1, '2015-08-01', 80, 'GenCon (US Nationals)', 'Indianapolis, IN', 'US'),
(2, '2015-07-26', 6, 'Sunshine Adventure Gaming', 'Miami, FL', 'US'),
(3, '2015-05-30', 4, 'Dragon''s Den', 'Richmond, VA', 'US'),
(4, '2015-05-30', 6, 'Gamer''s Gambit', 'Danbury, CT', 'US'),
(5, '2015-06-13', 4, 'Asgard Games', 'Houston, TX', 'US'),
(6, '2015-06-06', 14, 'Dark-Sphere', 'London', 'UK'),
(7, '2015-06-20', 6, 'Pet Shop Comics', 'Louisville, KY', 'US'),
(8, '2015-05-17', 7, 'Ettin Games', 'Humble, TX', 'US'),
(9, '2015-05-16', 4, 'Fat Ogre Games', 'Spring, TX', 'US'),
(10, '2015-08-09', 4, 'Meeples Games', 'Seattle, WA', 'US'),
(11, '2015-08-01', 5, 'Guardian Games', 'Portland, OR', 'US'),
(12, '2015-08-15', 23, 'Good Games (Aussie Nationals)', 'Sydney', 'AU'),
(13, '2015-08-15', 9, 'ibuywargames', 'Woking', 'UK'),
(14, '2015-08-15', 6, 'Gamer''s Armory', 'Cary, NC', 'US'),
(15, '2015-08-14', 14, 'FFG Nordic Nationals', 'Ballerup', 'DK'),
(16, '2015-08-16', 6, 'Baghuset', 'Ballerup', 'DK'),
(17, '2015-08-16', 12, 'King and Queen', 'Brighton', 'UK'),
(18, '2015-09-12', 4, 'Game Headquarters', 'Oklahoma City, OK', 'US'),
(19, '2015-09-06', 11, 'Canadian Nationals', 'Toronto, ON', 'CA'),
(20, '2015-09-06', 10, 'Italian Nationals', 'Unknown', 'IT'),
(21, '2015-09-26', 22, 'Spain Nationals - Generacion X Hortaleza', 'Madrid', 'ES'),
(22, '2015-08-23', 4, 'DCP Hobbies', 'Kelso, WA', 'US'),
(23, '2015-08-31', 4, 'Red Castle Games', 'Portland, OR', 'US'),
(24, '2015-08-15', 4, 'Guardian Games', 'Portland, OR', 'US'),
(25, '2015-10-02', 6, 'Red Castle Games (Sullust tournament)', 'Portland, OR', 'US'),
(26, '2015-10-02', 18, 'Your Hobby Place', 'Martinsburg, WV', 'US'),
(27, '2015-10-03', 7, 'Curio Cavern ', 'Springfield, VA', 'US'),
(28, '2015-10-03', 8, 'Guardian Games (Sullust tournament)', 'Portland, OR', 'US'),
(29, '2015-10-04', 8, 'Game Headquarters', 'Oklahoma City, OK', 'US'),
(30, '2015-10-04', 6, 'The Hobby Kingdom', 'Burlington, ON', 'CA'),
(31, '2015-10-04', 5, 'Rainy Day Games (Sullust tournament)', 'Portland, OR', 'US'),
(32, '2015-10-04', 4, 'Guys That Game', 'Stoke-on-Trent', 'UK'),
(33, '2015-10-03', 6, 'Labyrinth Game Shop', 'Washington, DC', 'US'),
(37, '2015-10-03', 4, 'Game on Games', 'McCook, NE', 'US'),
(35, '2015-10-04', 4, 'Promethean Games ', 'Bracknell', 'UK'),
(36, '2015-10-04', 4, 'Promethean Games ', 'Bracknell', 'UK'),
(38, '2015-10-04', 4, 'Game on Games', 'North Platte, NE', 'US'),
(39, '2015-10-03', 8, 'Kelpie Games', 'DeKalb, IL', 'US'),
(40, '2015-10-02', 8, 'Games of Berkeley', 'Berkeley,  CA', 'US'),
(41, '2015-10-04', 6, 'Meeples Games', 'Seattle, WA', 'US'),
(42, '2015-10-03', 6, 'Atlantis Comics and Games', 'Norfolk VA', 'US'),
(43, '2015-10-25', 4, 'Red Castle Games', 'Portland, OR', 'US'),
(44, '2015-11-07', 55, '2015 World Championships', 'Roseville, MN', 'US'),
(45, '2015-11-20', 8, 'The Portland Game Store', 'Portland, OR', 'US'),
(46, '2015-12-13', 5, 'Meeples Games', 'Seattle, WA', 'US'),
(47, '2015-11-01', 8, 'Moscow Tournament', 'Moscow', 'RU'),
(49, '2016-01-02', 8, 'Gamer''s Armory', 'Cary, NC', 'US'),
(50, '2016-01-23', 26, 'Fantasy Flight Games Center', 'Roseville', 'US'),
(51, '2016-01-30', 12, 'Dice Age Games (Store Championship)', 'Vancouver, WA', 'US'),
(52, '2016-01-09', 4, 'Empire Games', 'Mesa, AZ', 'US'),
(53, '2016-01-23', 8, 'Comic Quest', 'Evansville, IN', 'US'),
(54, '2016-02-13', 8, 'Fun 4 All', 'Ypsilanti, MI', 'US'),
(55, '2016-02-13', 14, 'Warboar', 'London', 'UK'),
(56, '2016-02-21', 7, 'Tezzas Games', 'Melton', 'AU'),
(57, '2016-02-20', 6, 'Game On Games', 'McCook, NE', 'US'),
(58, '2016-02-14', 18, 'Good Games Newcastle', 'Newcastle', 'OZ'),
(59, '2016-02-21', 8, 'Guardian Games (Store Championship)', 'Portland, OR', 'US'),
(60, '2016-02-20', 10, 'Wellplayed, Switzerland', 'Schwerzenbach', 'CH'),
(61, '2016-03-19', 10, 'Book Review', 'ROCHESTER', 'US'),
(62, '2016-02-27', 5, 'Game Headquarters', 'Oklahoma City', 'US'),
(63, '2016-02-28', 10, 'Warriors 3', 'Wayne, MI', 'US'),
(64, '2016-03-12', 8, 'Comic Quest', 'Evansville, IN', ''),
(65, '2016-03-19', 6, 'Wasteland Gaming', 'Duluth', 'US'),
(66, '2016-04-09', 7, 'Games and Stuff', 'Glen Burnie , MD', 'US'),
(67, '2016-04-10', 10, 'uchronies games', 'paris', 'FR'),
(68, '2016-03-20', 8, 'JFJ Journes Figurines et Jeux', 'Sartrouville', 'Fr');

-- --------------------------------------------------------

--
-- Table structure for table `upgrades`
--

CREATE TABLE IF NOT EXISTS `upgrades` (
`id` smallint(6) NOT NULL,
  `name` varchar(32) NOT NULL,
  `cost` tinyint(4) NOT NULL,
  `type` varchar(32) NOT NULL,
  `faction` tinyint(4) NOT NULL DEFAULT '0',
  `ship` tinyint(4) DEFAULT NULL,
  `effect` varchar(400) NOT NULL,
  `unique` tinyint(1) NOT NULL DEFAULT '0'
) ENGINE=MyISAM  DEFAULT CHARSET=utf8 AUTO_INCREMENT=87 ;

--
-- Dumping data for table `upgrades`
--

INSERT INTO `upgrades` (`id`, `name`, `cost`, `type`, `faction`, `ship`, `effect`, `unique`) VALUES
(1, 'General Dodonna', 20, 'Commander', 1, NULL, 'Before an enemy ship is dealt a faceup damage card, look at the top 4 cards of the damage deck, place 1 on top fo the deck and discard the others.', 1),
(2, 'Grand Moff Tarkin', 38, 'Commander', 2, NULL, 'At the start of each Ship Phase, you may choose 1 command. Each friendly ship gains a command token matching that command.', 1),
(3, 'Electronic Countermeasures', 7, 'Defensive Retrofit', 0, NULL, 'While defending you may exhaust this card to spend 1 defense token that your opponent targeted with an Accuracy result.', 0),
(4, 'Overload Pulse', 8, 'Ion Cannons', 0, NULL, 'Blue Critical: Exhaust all of the defender''s defense tokens.', 0),
(5, 'Expanded Hangar Bay', 5, 'Offensive Retrofit', 0, NULL, 'Your squadron value is increased by 1.', 0),
(6, 'Defense Liason', 3, 'Officer', 0, NULL, 'Before you reveal a command, you may spend 1 command token to change that command to a Navigate or Repair command.', 0),
(7, 'Leia Organa', 3, 'Officer', 1, NULL, 'When you reveal a command, you may choose another friendly ship at distance 1-5 and change that ship''s top command to your revealed command.', 1),
(8, 'Weapons Liaison', 3, 'Officer', 0, NULL, 'Before you reveal a command, you may spend 1 command token to change that command to a Concentrate Fire or Squadron command. ', 0),
(9, 'Wulff Yularen', 7, 'Officer', 2, NULL, 'When you spend a command token, you may exhaust this card to gain 1 command token of the same type.', 1),
(10, 'Assault Concussion Missiles', 7, 'Ordnance', 0, NULL, 'Black Critical: Each hull zone adjacent to the defending hull zone suffers 1 damage.', 0),
(11, 'Engineering Team', 5, 'Support Team', 0, NULL, 'Repair: Gain 1 additional engineering point.', 0),
(12, 'Nav Team', 4, 'Support Team', 0, NULL, 'Navigate: Your Navigate tokens can either change your speed or increase your yaw value by 1.', 0),
(13, 'Dodonnas Pride', 6, 'Title', 1, NULL, 'CR90 Corellian Corvette. Blue Critical: Cancel all attack dice to deal 1 faceup damage card to the defender.', 1),
(14, 'Dominator', 12, 'Title', 2, NULL, 'Victory-class Star Destroyer. While attacking at close-medium range, you may spend up to 2 shields from any of your hull zones to add that number of blue dice to your attack pool.', 1),
(15, 'Redemption', 8, 'Title', 1, NULL, 'Nebulon-B Escort Frigate. When a friendly ship at distance 1-5 resolves a Repair command, it gains 1 additional engineering point.', 1),
(16, 'Enhanced Armament', 10, 'Turbolasers', 0, NULL, 'Modification. The battery armaments for your left and right hull zones are increased by 1 red die.', 0),
(17, 'H9 Turbolasers', 8, 'Turbolasers', 0, NULL, 'While attacking, you may change 1 die face with a hit or crit icon to a face with an accuracy icon.', 0),
(18, 'Gunnery Team', 7, 'Weapons Team', 0, NULL, 'You can attack from the same hull zone more than once per activation. That hull zone cannot target the same ship or squadron more than once during that activation.', 0),
(19, 'Admiral Motti', 24, 'Commander', 2, NULL, 'The hull value of each friendly ship is increased according to its size class: Small ship: 1, Medium ship: 2, Large ship: 3.', 1),
(20, 'Ion Cannon Batteries', 5, 'Ion Cannons', 0, NULL, 'Blue Critical: Choose and discard 1 command token from the defender. If the defender does not have any command tokens, the defending hull zone loses 1 shield instead.', 0),
(21, 'Director Isard', 3, 'Officer', 2, NULL, 'When you reveal a command, you may look at all command dials assigned to 1 enemy ship.', 1),
(22, 'Intel Officer', 7, 'Officer', 0, NULL, 'While attacking, after you roll your attack pool, you may exhaust this card to choose 1 defense token. If that token is spent during this attack, discard that token.', 0),
(23, 'Veteran Captain', 3, 'Officer', 0, NULL, 'When you reveal a command, you may discard this card to gain 1 command token of your choice.', 0),
(24, 'Corrupter', 5, 'Title', 2, NULL, 'Victory-class Star Destroyer. Squadron: The speed of each squadron with bomber you activate is increased by 1 until the end of its activation.', 1),
(25, 'Warlord', 8, 'Title', 2, NULL, 'Victory-class Star Destroyer. While attacking you may change 1 die face with an accuracy icon to a face with a hit icon.', 1),
(26, 'XX-9 Turbolasers', 5, 'Turbolasers', 0, NULL, 'Critical: The first 2 damage cards dealt to the defender this attack are dealt faceup.', 0),
(27, 'Flight Controllers', 6, 'Weapons Team', 0, NULL, 'Squadron: The anti-squadron armament of each squadron that you activate is increased by 1 blue die until the end of its activation.', 0),
(28, 'Mon Mothma', 30, 'Commander', 1, NULL, 'When a friendly ship resolves the Evade token effect, it can cancel 1 die at medium range or reroll 1 die at close range or distance 1.', 1),
(29, 'Leading Shots', 4, 'Ion Cannons', 0, NULL, 'While attacking, you may spend 1 blue die to reroll any number of dice in your attack pool.', 0),
(30, 'Raymus Antilles', 7, 'Officer', 1, NULL, 'When you reveal a command, you may gain 1 matching command token without spending the command dial.', 1),
(31, 'Jainas Light', 2, 'Title', 1, NULL, 'CR90 Corellian Corvette. You can ignore the effects of overlapping obstacles. Your attacks cannot be obstructed.', 1),
(32, 'Tantive IV', 3, 'Title', 1, NULL, 'CR90 Corellian Corvette', 1),
(33, 'Engine Techs', 8, 'Support Team', 0, NULL, 'Navigate: After you execute a maneuver, you may exhaust this card to execute a speed-1 maneuver.', 0),
(34, 'Yavaris', 5, 'Title', 1, NULL, 'Nebulon-B Escort Frigate. Squadron: Each squadron you activate can attack twice if it does not move.', 1),
(35, 'Salvation', 7, 'Title', 1, NULL, 'While attacking a ship from your front hull zone, your critical icons count as 2 damage instead of 1.', 1),
(36, 'XI7 Turbolasers', 6, 'Turbolasers', 0, NULL, 'While attacking, if the defender spends a Redirect token, it cannot suffer more than 1 damage on hull zones other than the defending hull zone.', 0),
(37, 'Garm Bel Iblis', 25, 'Commander', 1, NULL, 'At the start of the first round and the fifth round, each friendly ship may gain a number of command tokens equal to its command value.', 1),
(38, 'Advanced Projectors', 6, 'Defensive Retrofit', 0, NULL, 'When you resolve the redirect token effect, you can choose more than one hull zone to suffer damage, which may include a nonadjacent hull zone.', 0),
(39, 'Point-Defence Reroute', 5, 'Offensive Retrofit', 0, NULL, 'While attacking a squadron at close range, you may reroll your crit icons.', 0),
(40, 'Adar Tallon', 10, 'Officer', 1, NULL, 'After you resolve a Squadron command, exhaust this card to toggle the activation slider of 1 squadron activated that command.', 1),
(41, 'Gallant Haven', 8, 'Title', 1, NULL, 'Assault Frigate Mark II. Before a friendly squadron at distance from an attack, reduce the total damage by 1.', 1),
(42, 'Paragon', 5, 'Title', 1, NULL, 'Assault Frigate Mark II. While attacking a ship you have already attacked this round, add 1 black die to your attack pool.', 1),
(43, 'Sensor Team', 5, 'Weapons Team', 0, NULL, 'While attacking, you may exhaust this card and spend 1 die to change 1 of your dice to a face with an accuracy icon.', 0),
(44, 'Admiral Screed', 26, 'Commander', 2, NULL, 'Once per activation, when a friendly ship is attacking, it may spend 1 die to change a die to a face with a critical icon.', 1),
(45, 'Admiral Chiraneau', 10, 'Officer', 2, NULL, 'Squadron: Squadrons that you activate can move even if they are engaged. When an engaged squadron moves in this way, treat it as having a printed speed of "2".', 1),
(46, 'Expanded Launcher', 13, 'Ordnance', 0, NULL, 'Modification. The battery armament for your front hull zone is increased by 2 black dice.', 0),
(47, 'Demolisher', 10, 'Title', 2, NULL, 'Gladiator-class Star Destroyer. During your activation, you can perform 1 of your attacking after you execute a maneuver.', 1),
(48, 'Insidious', 3, 'Title', 2, NULL, 'Gladiator-class Starr Destroyer. The black dice in your battery armament can be used at medium range. This effect applies only while attacking the rear hull zone of a ship.', 1),
(49, 'Darth Vader', 36, 'Commander', 2, NULL, 'While a friendly ship is attacking a ship, it may spend 1 defense token to reroll any number of dice in its attack pool.', 1),
(50, 'Redundant Shields', 8, 'Defensive Retrofit', 0, NULL, 'Modification. At the start of each status Phase, you may recover 1 shield.', 0),
(51, 'NK-7 Ion Cannons', 10, 'Ion Cannons', 0, NULL, 'Blue Critical: You may exhaust this card to force the defender to choose and discard 1 of his defense tokens.', 0),
(52, 'Boosted Comms', 4, 'Offensive Retrofit', 0, NULL, 'Squadron: You can activate friendly squadrons at close-long range (instead of close-medium).', 0),
(53, 'Phylon Q7 Tractor Beams', 6, 'Offensive Retrofit', 0, NULL, 'Modification. When you activate, you may exhaust this card to choose 1 enemy ship of your size class or smaller at distance 1-5. That ship must spend a Navigate token or reduce its speed by 1 to a minimum of 1.', 0),
(54, 'Captain Needa', 2, 'Officer', 2, NULL, 'At the start of the first round, you may replace 1 of your defense tokens with an Evade defense token.', 1),
(55, 'Engineering Captain', 6, 'Officer', 0, NULL, 'Before you reveal a command, you may change that command to an Engineering Command.', 0),
(56, 'Support Officer', 4, 'Officer', 0, NULL, 'At the start of the Command Phase, you may discard this card to discard all of your command dials.', 0),
(57, 'Tactical Expert', 6, 'Officer', 0, NULL, 'Before you reveal a command, you may change that command to a Concentrate Fire command.', 0),
(58, 'Wing Commander', 6, 'Officer', 0, NULL, 'Before you reveal a command, you may change that command to a Squadron command.', 0),
(59, 'Avenger', 5, 'Title', 0, NULL, 'Imperial-class Star Destroyer. While attacking, the defender cannot spend exhausted defense tokens.', 1),
(60, 'Devastator', 10, 'Title', 0, NULL, 'Imperial-class Star Destroyer. Once per round, while attacking from your front hull zone, you may add 1 blue die to your attack pool for each of your discarded defense tokens.', 1),
(61, 'Relentless', 3, 'Title', 0, NULL, 'Imperial-class Star Destroyer. The total number of command dials that must be assigned to your ship during the Command Phase is reduced by 1.', 1),
(62, 'Heavy Turbolaser Turrets', 6, 'Turbolaser', 0, NULL, 'While attacking, the Brace defense effect cannot reduce the damage total by more than 1 unless it is the only defense token spent by the defender during the attack.', 0),
(63, 'Slaved Turrets', 6, 'Turbolasers', 0, NULL, 'Modification. You cannot attack more than once per round. While attacking a ship, add 1 red die to your attack pool.', 0),
(64, 'Ruthless Strategists', 4, 'Weapons Team', 0, NULL, 'After attacking a squadron, you may deal 1 damage to a friendly squadron engaged with the defense. If you do, the defense suffers 1 damage.', 0),
(65, 'General Rieekan', 30, 'Commander', 1, NULL, 'When a friendly ship or friendly unique squadron is destroyed, it remains in the play area and is treated as if it was not destroyed until the end of the Status Phase.', 1),
(66, 'Lando Calrissan', 4, 'Officer', 1, NULL, 'While defending, during the Spend Defense Tokens Step, you may discard this card to force the attacker to reroll 1 or more dice of your choice.', 1),
(67, 'Assault Proton Torpedoes', 5, 'Ordnance', 0, NULL, 'Black Critical: Deal 1 faceup damage card to the defender.', 0),
(68, 'Rapid Reload', 8, 'Ordnance', 0, NULL, 'Modfication. The battery armaments for your left and right hull zones are increased by 1 black die.', 0),
(69, 'Admonition', 8, 'Title', 0, NULL, 'MC30c Frigate. While defending, during the Spend Defense Tokens Step, you may discard a defense token to cancel 1 attack die.', 1),
(70, 'Foresight', 8, 'Title', 0, NULL, 'MC30c Frigate. When you resolve the Evade defense effect, you can affect 1 additional die. When you resolve the Redirect defense effect, you can choose 1 additional adjacent hull zone to suffer damage. ', 1),
(71, 'Turbolaser Reroute Circuits', 7, 'Turbolasers', 0, NULL, 'While attacking, you may spend 1 Evade defense token to change 1 red die to a face with a critical icon or 2 hit icons.', 0),
(72, 'Ordnance Experts', 4, 'Weapons Team', 0, NULL, 'While attacking, you may reroll any number of your black dice.', 0),
(73, 'Admiral Ackbar', 38, 'Commander', 1, NULL, 'Before a friendly ship''s, Attack Step, it may choose to attack from only is left and right hull zones this round. If it does, it may add 2 red dice to its attack pool while attacking a ship.', 1),
(74, 'Cluster Bombs', 5, 'Defensive Retrofit', 0, NULL, 'After a squadron performs an attacking against you, even if you are destroyed, you may discard this card to roll 4 blue dice. That squadron suffers 1 damage for each hit or crit icon rolled.', 0),
(75, 'SW-7 Ion Batteries', 5, 'Ion Cannon', 0, NULL, 'While attacking a ship, each of your unspent blue Accuracy icons add 1 damage to the damage total.', 0),
(76, 'Navigation Officer', 6, 'Officer', 0, NULL, 'Before you reveal a command, you may change that command to a Navigate command.', 0),
(77, 'Walex Blissex', 5, 'Officer', 1, NULL, 'When you activate, you may discard this card to recover 1 of your discarded defense tokens.', 1),
(78, 'Projection Experts', 6, 'Support Team', 0, NULL, 'Engineering: You may spend up to 2 engineering points to move that many shields from your ship to a friendly ship at distance 1-5.', 0),
(79, 'Defiance', 5, 'Title', 0, NULL, 'MC80 Cruiser. While attacking a ship that has already activated this round, add 1 die of any color to your attack pool.', 1),
(80, 'Home One', 7, 'Title Upgrade', 0, NULL, 'MC80 Cruiser. While another friendly ship at distance 1-5 is attacking it may change 1 die to a face with an Accuracy icon.', 1),
(81, 'Independence', 8, 'Title', 0, NULL, 'MC80 Cruiser. Each squadron you activate may increase its speed to 4 until the end of its activation. Squadrons that change speed in this way cannot attack this activation.', 1),
(82, 'Admiral Ozzel', 20, 'Commander', 2, NULL, 'When a friendly ship resolves a Navigate command, it may change its speed by an additional 1.', 1),
(83, 'Quad Laser Turrets', 5, 'Offensive Retrofit', 0, NULL, 'When defending at distance 1, if the attacker is a squadron, you have Counter 1.', 0),
(84, 'Admiral Montferrat', 5, 'Officer', 2, NULL, 'While defending against a ship, if your speed is 3 or higher, the attack is treated as obstructed. After you execute a maneuver, if you overlapped a ship, discard this card.', 1),
(85, 'Impetuous', 4, 'Title', 0, NULL, 'Raider-class Corvette. At the end of your Attack Step, choose 1 of your hull zones. You may perform an attack against 1 enemy squadron from that hull zone, even if you have already attacked from that zone this round.', 1),
(86, 'Instigator', 4, 'Title', 0, NULL, 'Raider-class Corvette. Enemy squadron at distance 1 are treated as if they are engaged by 2 additional squadrons, even if they are not currently engaged.', 1);

--
-- Indexes for dumped tables
--

--
-- Indexes for table `build_upgrades`
--
ALTER TABLE `build_upgrades`
 ADD PRIMARY KEY (`id`);

--
-- Indexes for table `builds`
--
ALTER TABLE `builds`
 ADD PRIMARY KEY (`id`), ADD UNIQUE KEY `pilot_id` (`ship_id`,`upgrades`);

--
-- Indexes for table `comments`
--
ALTER TABLE `comments`
 ADD PRIMARY KEY (`id`);

--
-- Indexes for table `list_builds`
--
ALTER TABLE `list_builds`
 ADD PRIMARY KEY (`id`);

--
-- Indexes for table `lists`
--
ALTER TABLE `lists`
 ADD PRIMARY KEY (`id`), ADD UNIQUE KEY `build_ids` (`build_ids`);

--
-- Indexes for table `placing`
--
ALTER TABLE `placing`
 ADD PRIMARY KEY (`id`);

--
-- Indexes for table `ships`
--
ALTER TABLE `ships`
 ADD PRIMARY KEY (`id`);

--
-- Indexes for table `tournaments`
--
ALTER TABLE `tournaments`
 ADD PRIMARY KEY (`id`);

--
-- Indexes for table `upgrades`
--
ALTER TABLE `upgrades`
 ADD PRIMARY KEY (`id`), ADD UNIQUE KEY `name` (`name`);

--
-- AUTO_INCREMENT for dumped tables
--

--
-- AUTO_INCREMENT for table `build_upgrades`
--
ALTER TABLE `build_upgrades`
MODIFY `id` int(11) NOT NULL AUTO_INCREMENT,AUTO_INCREMENT=722;
--
-- AUTO_INCREMENT for table `builds`
--
ALTER TABLE `builds`
MODIFY `id` smallint(6) NOT NULL AUTO_INCREMENT,AUTO_INCREMENT=1240;
--
-- AUTO_INCREMENT for table `comments`
--
ALTER TABLE `comments`
MODIFY `id` smallint(6) NOT NULL AUTO_INCREMENT,AUTO_INCREMENT=704;
--
-- AUTO_INCREMENT for table `list_builds`
--
ALTER TABLE `list_builds`
MODIFY `id` int(11) NOT NULL AUTO_INCREMENT,AUTO_INCREMENT=909;
--
-- AUTO_INCREMENT for table `lists`
--
ALTER TABLE `lists`
MODIFY `id` smallint(6) NOT NULL AUTO_INCREMENT,AUTO_INCREMENT=127;
--
-- AUTO_INCREMENT for table `placing`
--
ALTER TABLE `placing`
MODIFY `id` int(11) NOT NULL AUTO_INCREMENT,AUTO_INCREMENT=134;
--
-- AUTO_INCREMENT for table `ships`
--
ALTER TABLE `ships`
MODIFY `id` smallint(6) NOT NULL AUTO_INCREMENT,AUTO_INCREMENT=53;
--
-- AUTO_INCREMENT for table `tournaments`
--
ALTER TABLE `tournaments`
MODIFY `id` smallint(6) NOT NULL AUTO_INCREMENT,AUTO_INCREMENT=69;
--
-- AUTO_INCREMENT for table `upgrades`
--
ALTER TABLE `upgrades`
MODIFY `id` smallint(6) NOT NULL AUTO_INCREMENT,AUTO_INCREMENT=87;
/*!40101 SET CHARACTER_SET_CLIENT=@OLD_CHARACTER_SET_CLIENT */;
/*!40101 SET CHARACTER_SET_RESULTS=@OLD_CHARACTER_SET_RESULTS */;
/*!40101 SET COLLATION_CONNECTION=@OLD_COLLATION_CONNECTION */;
